Date,Region,Confirmed,Recovered/Migrated,Deceased
30-01-2020,Kerala,1.0,0.0,0.0
30-01-2020,National Total,1.0,0.0,0.0
02-02-2020,Kerala,2.0,0.0,0.0
02-02-2020,National Total,2.0,0.0,0.0
03-02-2020,Kerala,3.0,0.0,0.0
03-02-2020,National Total,3.0,0.0,0.0
14-02-2020,Kerala,3.0,3.0,0.0
14-02-2020,National Total,3.0,3.0,0.0
02-03-2020,Delhi,1.0,0.0,0.0
02-03-2020,Kerala,3.0,3.0,0.0
02-03-2020,Telangana,1.0,1.0,0.0
02-03-2020,National Total,5.0,4.0,0.0
03-03-2020,Delhi,1.0,0.0,0.0
03-03-2020,Kerala,3.0,3.0,0.0
03-03-2020,Rajasthan,1.0,1.0,0.0
03-03-2020,Telangana,1.0,1.0,0.0
03-03-2020,National Total,6.0,5.0,0.0
04-03-2020,Delhi,1.0,0.0,0.0
04-03-2020,Haryana,14.0,0.0,0.0
04-03-2020,Kerala,3.0,3.0,0.0
04-03-2020,Rajasthan,2.0,2.0,0.0
04-03-2020,Telangana,1.0,1.0,0.0
04-03-2020,Uttar Pradesh,7.0,0.0,0.0
04-03-2020,National Total,28.0,6.0,0.0
05-03-2020,Delhi,2.0,0.0,0.0
05-03-2020,Haryana,14.0,0.0,0.0
05-03-2020,Kerala,3.0,3.0,0.0
05-03-2020,Rajasthan,2.0,2.0,0.0
05-03-2020,Telangana,1.0,1.0,0.0
05-03-2020,Uttar Pradesh,8.0,1.0,0.0
05-03-2020,National Total,30.0,7.0,0.0
06-03-2020,Delhi,3.0,0.0,0.0
06-03-2020,Haryana,14.0,0.0,0.0
06-03-2020,Kerala,3.0,3.0,0.0
06-03-2020,Rajasthan,2.0,2.0,0.0
06-03-2020,Telangana,1.0,1.0,0.0
06-03-2020,Uttar Pradesh,8.0,1.0,0.0
06-03-2020,National Total,31.0,7.0,0.0
07-03-2020,Delhi,3.0,0.0,0.0
07-03-2020,Haryana,14.0,0.0,0.0
07-03-2020,Kerala,3.0,3.0,0.0
07-03-2020,Ladakh,2.0,0.0,0.0
07-03-2020,Rajasthan,2.0,2.0,0.0
07-03-2020,Tamil Nadu,1.0,1.0,0.0
07-03-2020,Telangana,1.0,1.0,0.0
07-03-2020,Uttar Pradesh,8.0,1.0,0.0
07-03-2020,National Total,34.0,8.0,0.0
08-03-2020,Delhi,3.0,0.0,0.0
08-03-2020,Haryana,14.0,0.0,0.0
08-03-2020,Kerala,8.0,3.0,0.0
08-03-2020,Ladakh,2.0,0.0,0.0
08-03-2020,Rajasthan,2.0,2.0,0.0
08-03-2020,Tamil Nadu,1.0,1.0,0.0
08-03-2020,Telangana,1.0,1.0,0.0
08-03-2020,Uttar Pradesh,8.0,1.0,0.0
08-03-2020,National Total,39.0,8.0,0.0
09-03-2020,Delhi,4.0,0.0,0.0
09-03-2020,Haryana,14.0,0.0,0.0
09-03-2020,Jammu and Kashmir,1.0,0.0,0.0
09-03-2020,Karnataka,1.0,0.0,0.0
09-03-2020,Kerala,9.0,4.0,0.0
09-03-2020,Ladakh,2.0,0.0,0.0
09-03-2020,Maharashtra,2.0,0.0,0.0
09-03-2020,Punjab,1.0,0.0,0.0
09-03-2020,Rajasthan,2.0,2.0,0.0
09-03-2020,Tamil Nadu,1.0,1.0,0.0
09-03-2020,Telangana,1.0,1.0,0.0
09-03-2020,Uttar Pradesh,10.0,2.0,0.0
09-03-2020,National Total,48.0,10.0,0.0
10-03-2020,Delhi,4.0,0.0,0.0
10-03-2020,Haryana,14.0,0.0,0.0
10-03-2020,Jammu and Kashmir,1.0,0.0,0.0
10-03-2020,Karnataka,4.0,0.0,0.0
10-03-2020,Kerala,17.0,6.0,0.0
10-03-2020,Ladakh,2.0,0.0,0.0
10-03-2020,Maharashtra,5.0,0.0,0.0
10-03-2020,Punjab,1.0,0.0,0.0
10-03-2020,Rajasthan,3.0,3.0,0.0
10-03-2020,Tamil Nadu,1.0,1.0,0.0
10-03-2020,Telangana,1.0,1.0,0.0
10-03-2020,Uttar Pradesh,10.0,2.0,0.0
10-03-2020,National Total,63.0,13.0,0.0
11-03-2020,Delhi,5.0,0.0,0.0
11-03-2020,Haryana,14.0,0.0,0.0
11-03-2020,Jammu and Kashmir,1.0,0.0,0.0
11-03-2020,Karnataka,4.0,0.0,0.0
11-03-2020,Kerala,17.0,6.0,0.0
11-03-2020,Ladakh,3.0,0.0,0.0
11-03-2020,Maharashtra,10.0,0.0,0.0
11-03-2020,Punjab,1.0,0.0,0.0
11-03-2020,Rajasthan,3.0,3.0,0.0
11-03-2020,Tamil Nadu,1.0,1.0,0.0
11-03-2020,Telangana,1.0,1.0,0.0
11-03-2020,Uttar Pradesh,10.0,2.0,0.0
11-03-2020,National Total,70.0,13.0,0.0
12-03-2020,Andhra Pradesh,1.0,0.0,0.0
12-03-2020,Delhi,6.0,0.0,1.0
12-03-2020,Haryana,14.0,0.0,0.0
12-03-2020,Jammu and Kashmir,1.0,0.0,0.0
12-03-2020,Karnataka,6.0,0.0,1.0
12-03-2020,Kerala,19.0,6.0,0.0
12-03-2020,Ladakh,3.0,0.0,0.0
12-03-2020,Maharashtra,14.0,0.0,1.0
12-03-2020,Punjab,1.0,0.0,0.0
12-03-2020,Rajasthan,3.0,3.0,0.0
12-03-2020,Tamil Nadu,1.0,1.0,0.0
12-03-2020,Telangana,1.0,1.0,0.0
12-03-2020,Uttar Pradesh,12.0,2.0,0.0
12-03-2020,National Total,82.0,13.0,3.0
13-03-2020,Andhra Pradesh,1.0,0.0,0.0
13-03-2020,Delhi,7.0,0.0,1.0
13-03-2020,Haryana,14.0,0.0,0.0
13-03-2020,Jammu and Kashmir,2.0,0.0,0.0
13-03-2020,Karnataka,6.0,0.0,1.0
13-03-2020,Kerala,22.0,6.0,0.0
13-03-2020,Ladakh,3.0,0.0,0.0
13-03-2020,Maharashtra,17.0,0.0,1.0
13-03-2020,Punjab,1.0,0.0,0.0
13-03-2020,Rajasthan,3.0,3.0,0.0
13-03-2020,Tamil Nadu,1.0,1.0,0.0
13-03-2020,Telangana,1.0,1.0,0.0
13-03-2020,Uttar Pradesh,13.0,2.0,0.0
13-03-2020,National Total,91.0,13.0,3.0
14-03-2020,Andhra Pradesh,1.0,0.0,0.0
14-03-2020,Delhi,7.0,0.0,1.0
14-03-2020,Haryana,14.0,0.0,0.0
14-03-2020,Jammu and Kashmir,2.0,0.0,0.0
14-03-2020,Karnataka,6.0,0.0,1.0
14-03-2020,Kerala,22.0,6.0,0.0
14-03-2020,Ladakh,3.0,0.0,0.0
14-03-2020,Maharashtra,31.0,0.0,1.0
14-03-2020,Punjab,1.0,0.0,0.0
14-03-2020,Rajasthan,4.0,3.0,0.0
14-03-2020,Tamil Nadu,1.0,1.0,0.0
14-03-2020,Telangana,2.0,1.0,0.0
14-03-2020,Uttar Pradesh,13.0,2.0,0.0
14-03-2020,National Total,107.0,13.0,3.0
15-03-2020,Andhra Pradesh,1.0,0.0,0.0
15-03-2020,Delhi,7.0,2.0,1.0
15-03-2020,Haryana,14.0,0.0,0.0
15-03-2020,Jammu and Kashmir,2.0,0.0,0.0
15-03-2020,Karnataka,6.0,0.0,1.0
15-03-2020,Kerala,24.0,6.0,0.0
15-03-2020,Ladakh,3.0,0.0,0.0
15-03-2020,Maharashtra,33.0,0.0,1.0
15-03-2020,Punjab,1.0,0.0,0.0
15-03-2020,Rajasthan,4.0,3.0,0.0
15-03-2020,Tamil Nadu,1.0,1.0,0.0
15-03-2020,Telangana,3.0,1.0,0.0
15-03-2020,Uttar Pradesh,13.0,2.0,0.0
15-03-2020,Uttarakhand,1.0,0.0,0.0
15-03-2020,National Total,113.0,15.0,3.0
16-03-2020,Andhra Pradesh,1.0,0.0,0.0
16-03-2020,Delhi,7.0,2.0,1.0
16-03-2020,Haryana,14.0,0.0,0.0
16-03-2020,Jammu and Kashmir,3.0,0.0,0.0
16-03-2020,Karnataka,8.0,0.0,1.0
16-03-2020,Kerala,27.0,6.0,0.0
16-03-2020,Ladakh,3.0,0.0,0.0
16-03-2020,Maharashtra,39.0,0.0,1.0
16-03-2020,Odisha,1.0,0.0,0.0
16-03-2020,Punjab,1.0,0.0,0.0
16-03-2020,Rajasthan,4.0,3.0,0.0
16-03-2020,Tamil Nadu,1.0,1.0,0.0
16-03-2020,Telangana,4.0,1.0,0.0
16-03-2020,Uttar Pradesh,13.0,2.0,0.0
16-03-2020,Uttarakhand,1.0,0.0,0.0
16-03-2020,National Total,127.0,15.0,3.0
17-03-2020,Andhra Pradesh,1.0,0.0,0.0
17-03-2020,Delhi,10.0,2.0,1.0
17-03-2020,Haryana,15.0,0.0,0.0
17-03-2020,Jammu and Kashmir,3.0,0.0,0.0
17-03-2020,Karnataka,11.0,0.0,1.0
17-03-2020,Kerala,27.0,6.0,0.0
17-03-2020,Ladakh,8.0,0.0,0.0
17-03-2020,Maharashtra,41.0,0.0,1.0
17-03-2020,Odisha,1.0,0.0,0.0
17-03-2020,Puducherry,1.0,0.0,0.0
17-03-2020,Punjab,1.0,0.0,0.0
17-03-2020,Rajasthan,4.0,3.0,0.0
17-03-2020,Tamil Nadu,1.0,1.0,0.0
17-03-2020,Telangana,5.0,1.0,0.0
17-03-2020,Uttar Pradesh,15.0,2.0,0.0
17-03-2020,Uttarakhand,1.0,0.0,0.0
17-03-2020,West Bengal,1.0,0.0,0.0
17-03-2020,National Total,146.0,15.0,3.0
18-03-2020,Andhra Pradesh,1.0,0.0,0.0
18-03-2020,Delhi,11.0,2.0,1.0
18-03-2020,Haryana,17.0,0.0,0.0
18-03-2020,Jammu and Kashmir,4.0,0.0,0.0
18-03-2020,Karnataka,14.0,0.0,1.0
18-03-2020,Kerala,27.0,6.0,0.0
18-03-2020,Ladakh,8.0,0.0,0.0
18-03-2020,Maharashtra,45.0,0.0,1.0
18-03-2020,Odisha,1.0,0.0,0.0
18-03-2020,Puducherry,1.0,0.0,0.0
18-03-2020,Punjab,1.0,0.0,0.0
18-03-2020,Rajasthan,7.0,3.0,0.0
18-03-2020,Tamil Nadu,2.0,1.0,0.0
18-03-2020,Telangana,13.0,1.0,0.0
18-03-2020,Uttar Pradesh,17.0,2.0,0.0
18-03-2020,Uttarakhand,1.0,0.0,0.0
18-03-2020,West Bengal,1.0,0.0,0.0
18-03-2020,National Total,171.0,15.0,3.0
19-03-2020,Andhra Pradesh,3.0,0.0,0.0
19-03-2020,Chandigarh,1.0,0.0,0.0
19-03-2020,Chhattisgarh,1.0,0.0,0.0
19-03-2020,Delhi,14.0,2.0,1.0
19-03-2020,Gujarat,2.0,0.0,0.0
19-03-2020,Haryana,17.0,0.0,0.0
19-03-2020,Jammu and Kashmir,4.0,0.0,0.0
19-03-2020,Karnataka,15.0,0.0,1.0
19-03-2020,Kerala,28.0,6.0,0.0
19-03-2020,Ladakh,8.0,0.0,0.0
19-03-2020,Maharashtra,49.0,0.0,1.0
19-03-2020,Odisha,2.0,0.0,0.0
19-03-2020,Puducherry,1.0,0.0,0.0
19-03-2020,Punjab,2.0,0.0,1.0
19-03-2020,Rajasthan,9.0,3.0,0.0
19-03-2020,Tamil Nadu,3.0,1.0,0.0
19-03-2020,Telangana,16.0,1.0,0.0
19-03-2020,Uttar Pradesh,20.0,2.0,0.0
19-03-2020,Uttarakhand,3.0,1.0,0.0
19-03-2020,West Bengal,1.0,0.0,0.0
19-03-2020,National Total,199.0,16.0,4.0
20-03-2020,Andhra Pradesh,3.0,0.0,0.0
20-03-2020,Chandigarh,5.0,0.0,0.0
20-03-2020,Chhattisgarh,1.0,0.0,0.0
20-03-2020,Delhi,20.0,3.0,1.0
20-03-2020,Gujarat,7.0,0.0,0.0
20-03-2020,Haryana,19.0,0.0,0.0
20-03-2020,Himachal Pradesh,2.0,1.0,0.0
20-03-2020,Jammu and Kashmir,4.0,0.0,0.0
20-03-2020,Karnataka,15.0,1.0,1.0
20-03-2020,Kerala,40.0,8.0,0.0
20-03-2020,Ladakh,10.0,0.0,0.0
20-03-2020,Madhya Pradesh,4.0,0.0,0.0
20-03-2020,Maharashtra,54.0,0.0,1.0
20-03-2020,Odisha,2.0,0.0,0.0
20-03-2020,Puducherry,1.0,0.0,0.0
20-03-2020,Punjab,3.0,0.0,1.0
20-03-2020,Rajasthan,17.0,3.0,0.0
20-03-2020,Tamil Nadu,3.0,1.0,0.0
20-03-2020,Telangana,19.0,1.0,0.0
20-03-2020,Uttar Pradesh,24.0,2.0,0.0
20-03-2020,Uttarakhand,3.0,1.0,0.0
20-03-2020,West Bengal,2.0,0.0,0.0
20-03-2020,National Total,258.0,21.0,4.0
21-03-2020,Andhra Pradesh,5.0,0.0,0.0
21-03-2020,Chandigarh,5.0,0.0,0.0
21-03-2020,Chhattisgarh,1.0,0.0,0.0
21-03-2020,Delhi,27.0,3.0,1.0
21-03-2020,Gujarat,14.0,0.0,0.0
21-03-2020,Haryana,21.0,0.0,0.0
21-03-2020,Himachal Pradesh,2.0,1.0,0.0
21-03-2020,Jammu and Kashmir,4.0,0.0,0.0
21-03-2020,Karnataka,20.0,1.0,1.0
21-03-2020,Kerala,52.0,8.0,0.0
21-03-2020,Ladakh,13.0,0.0,0.0
21-03-2020,Madhya Pradesh,4.0,0.0,0.0
21-03-2020,Maharashtra,64.0,0.0,1.0
21-03-2020,Odisha,2.0,0.0,0.0
21-03-2020,Puducherry,1.0,0.0,0.0
21-03-2020,Punjab,13.0,0.0,1.0
21-03-2020,Rajasthan,24.0,3.0,0.0
21-03-2020,Tamil Nadu,6.0,1.0,0.0
21-03-2020,Telangana,21.0,1.0,0.0
21-03-2020,Uttar Pradesh,28.0,2.0,0.0
21-03-2020,Uttarakhand,3.0,1.0,0.0
21-03-2020,West Bengal,4.0,0.0,0.0
21-03-2020,National Total,334.0,21.0,4.0
22-03-2020,Andhra Pradesh,6.0,0.0,0.0
22-03-2020,Bihar,2.0,0.0,1.0
22-03-2020,Chandigarh,6.0,0.0,0.0
22-03-2020,Chhattisgarh,1.0,0.0,0.0
22-03-2020,Delhi,28.0,3.0,1.0
22-03-2020,Gujarat,18.0,0.0,1.0
22-03-2020,Haryana,21.0,0.0,0.0
22-03-2020,Himachal Pradesh,2.0,1.0,0.0
22-03-2020,Jammu and Kashmir,4.0,0.0,0.0
22-03-2020,Karnataka,26.0,1.0,1.0
22-03-2020,Kerala,67.0,8.0,0.0
22-03-2020,Ladakh,13.0,0.0,0.0
22-03-2020,Madhya Pradesh,6.0,0.0,0.0
22-03-2020,Maharashtra,74.0,0.0,2.0
22-03-2020,Odisha,2.0,0.0,0.0
22-03-2020,Puducherry,1.0,0.0,0.0
22-03-2020,Punjab,21.0,0.0,1.0
22-03-2020,Rajasthan,29.0,3.0,0.0
22-03-2020,Tamil Nadu,9.0,1.0,0.0
22-03-2020,Telangana,27.0,1.0,0.0
22-03-2020,Uttar Pradesh,30.0,2.0,0.0
22-03-2020,Uttarakhand,3.0,1.0,0.0
22-03-2020,West Bengal,7.0,0.0,0.0
22-03-2020,National Total,403.0,21.0,7.0
23-03-2020,Andhra Pradesh,7.0,0.0,0.0
23-03-2020,Bihar,3.0,0.0,1.0
23-03-2020,Chandigarh,7.0,0.0,0.0
23-03-2020,Chhattisgarh,1.0,0.0,0.0
23-03-2020,Delhi,30.0,3.0,1.0
23-03-2020,Gujarat,30.0,0.0,1.0
23-03-2020,Haryana,28.0,0.0,0.0
23-03-2020,Himachal Pradesh,3.0,1.0,1.0
23-03-2020,Jammu and Kashmir,4.0,0.0,0.0
23-03-2020,Karnataka,33.0,1.0,1.0
23-03-2020,Kerala,95.0,9.0,0.0
23-03-2020,Ladakh,13.0,0.0,0.0
23-03-2020,Madhya Pradesh,6.0,0.0,0.0
23-03-2020,Maharashtra,97.0,0.0,2.0
23-03-2020,Odisha,2.0,0.0,0.0
23-03-2020,Puducherry,1.0,0.0,0.0
23-03-2020,Punjab,23.0,0.0,1.0
23-03-2020,Rajasthan,32.0,3.0,0.0
23-03-2020,Tamil Nadu,12.0,1.0,0.0
23-03-2020,Telangana,33.0,1.0,0.0
23-03-2020,Uttar Pradesh,34.0,2.0,0.0
23-03-2020,Uttarakhand,4.0,1.0,0.0
23-03-2020,West Bengal,7.0,0.0,1.0
23-03-2020,National Total,505.0,22.0,9.0
24-03-2020,Andhra Pradesh,8.0,0.0,0.0
24-03-2020,Bihar,3.0,0.0,1.0
24-03-2020,Chandigarh,7.0,0.0,0.0
24-03-2020,Chhattisgarh,1.0,0.0,0.0
24-03-2020,Delhi,30.0,3.0,1.0
24-03-2020,Gujarat,36.0,0.0,1.0
24-03-2020,Haryana,30.0,0.0,0.0
24-03-2020,Himachal Pradesh,3.0,1.0,1.0
24-03-2020,Jammu and Kashmir,6.0,0.0,1.0
24-03-2020,Karnataka,41.0,3.0,1.0
24-03-2020,Kerala,109.0,11.0,0.0
24-03-2020,Ladakh,13.0,0.0,0.0
24-03-2020,Madhya Pradesh,7.0,0.0,0.0
24-03-2020,Maharashtra,107.0,0.0,2.0
24-03-2020,Manipur,1.0,0.0,0.0
24-03-2020,Odisha,2.0,0.0,0.0
24-03-2020,Puducherry,1.0,0.0,0.0
24-03-2020,Punjab,29.0,0.0,1.0
24-03-2020,Rajasthan,32.0,3.0,0.0
24-03-2020,Tamil Nadu,18.0,1.0,0.0
24-03-2020,Telangana,39.0,1.0,0.0
24-03-2020,Uttar Pradesh,35.0,2.0,0.0
24-03-2020,Uttarakhand,4.0,1.0,0.0
24-03-2020,West Bengal,9.0,0.0,1.0
24-03-2020,National Total,571.0,26.0,10.0
25-03-2020,Andhra Pradesh,10.0,0.0,0.0
25-03-2020,Bihar,4.0,0.0,1.0
25-03-2020,Chandigarh,7.0,0.0,0.0
25-03-2020,Chhattisgarh,3.0,0.0,0.0
25-03-2020,Delhi,35.0,3.0,1.0
25-03-2020,Goa,3.0,0.0,0.0
25-03-2020,Gujarat,38.0,0.0,2.0
25-03-2020,Haryana,31.0,0.0,0.0
25-03-2020,Himachal Pradesh,3.0,1.0,1.0
25-03-2020,Jammu and Kashmir,11.0,0.0,1.0
25-03-2020,Karnataka,51.0,3.0,1.0
25-03-2020,Kerala,118.0,11.0,0.0
25-03-2020,Ladakh,13.0,0.0,0.0
25-03-2020,Madhya Pradesh,15.0,0.0,1.0
25-03-2020,Maharashtra,122.0,2.0,2.0
25-03-2020,Manipur,1.0,0.0,0.0
25-03-2020,Mizoram,1.0,0.0,0.0
25-03-2020,Odisha,2.0,0.0,0.0
25-03-2020,Puducherry,1.0,0.0,0.0
25-03-2020,Punjab,31.0,0.0,1.0
25-03-2020,Rajasthan,38.0,3.0,0.0
25-03-2020,Tamil Nadu,26.0,1.0,1.0
25-03-2020,Telangana,41.0,1.0,0.0
25-03-2020,Uttar Pradesh,38.0,2.0,0.0
25-03-2020,Uttarakhand,5.0,1.0,0.0
25-03-2020,West Bengal,9.0,0.0,1.0
25-03-2020,National Total,657.0,28.0,13.0
26-03-2020,Andaman and Nicobar Islands,1.0,0.0,0.0
26-03-2020,Andhra Pradesh,11.0,0.0,0.0
26-03-2020,Bihar,7.0,0.0,1.0
26-03-2020,Chandigarh,7.0,0.0,0.0
26-03-2020,Chhattisgarh,6.0,0.0,0.0
26-03-2020,Delhi,39.0,3.0,1.0
26-03-2020,Goa,3.0,0.0,0.0
26-03-2020,Gujarat,44.0,0.0,2.0
26-03-2020,Haryana,32.0,0.0,0.0
26-03-2020,Himachal Pradesh,3.0,1.0,1.0
26-03-2020,Jammu and Kashmir,14.0,0.0,1.0
26-03-2020,Karnataka,55.0,3.0,2.0
26-03-2020,Kerala,137.0,11.0,0.0
26-03-2020,Ladakh,13.0,0.0,0.0
26-03-2020,Madhya Pradesh,20.0,0.0,1.0
26-03-2020,Maharashtra,130.0,2.0,2.0
26-03-2020,Manipur,1.0,0.0,0.0
26-03-2020,Mizoram,1.0,0.0,0.0
26-03-2020,Odisha,3.0,0.0,0.0
26-03-2020,Puducherry,1.0,0.0,0.0
26-03-2020,Punjab,33.0,0.0,1.0
26-03-2020,Rajasthan,43.0,3.0,0.0
26-03-2020,Tamil Nadu,29.0,1.0,1.0
26-03-2020,Telangana,45.0,1.0,0.0
26-03-2020,Uttar Pradesh,42.0,2.0,0.0
26-03-2020,Uttarakhand,5.0,1.0,0.0
26-03-2020,West Bengal,10.0,0.0,1.0
26-03-2020,National Total,735.0,28.0,14.0
27-03-2020,Andaman and Nicobar Islands,6.0,0.0,0.0
27-03-2020,Andhra Pradesh,13.0,0.0,0.0
27-03-2020,Bihar,9.0,0.0,1.0
27-03-2020,Chandigarh,8.0,0.0,0.0
27-03-2020,Chhattisgarh,6.0,0.0,0.0
27-03-2020,Delhi,40.0,3.0,1.0
27-03-2020,Goa,3.0,0.0,0.0
27-03-2020,Gujarat,47.0,0.0,2.0
27-03-2020,Haryana,33.0,0.0,0.0
27-03-2020,Himachal Pradesh,3.0,2.0,1.0
27-03-2020,Jammu and Kashmir,20.0,0.0,1.0
27-03-2020,Karnataka,64.0,5.0,3.0
27-03-2020,Kerala,176.0,11.0,0.0
27-03-2020,Ladakh,13.0,0.0,0.0
27-03-2020,Madhya Pradesh,29.0,0.0,2.0
27-03-2020,Maharashtra,156.0,2.0,2.0
27-03-2020,Manipur,1.0,0.0,0.0
27-03-2020,Mizoram,1.0,0.0,0.0
27-03-2020,Odisha,3.0,0.0,0.0
27-03-2020,Puducherry,1.0,0.0,0.0
27-03-2020,Punjab,38.0,0.0,1.0
27-03-2020,Rajasthan,50.0,3.0,0.0
27-03-2020,Tamil Nadu,38.0,1.0,1.0
27-03-2020,Telangana,59.0,1.0,0.0
27-03-2020,Uttar Pradesh,49.0,2.0,0.0
27-03-2020,Uttarakhand,5.0,1.0,0.0
27-03-2020,West Bengal,15.0,0.0,1.0
27-03-2020,National Total,886.0,31.0,16.0
28-03-2020,Andhra Pradesh,14.0,1.0,0.0
28-03-2020,Andaman and Nicobar Islands,6.0,0.0,0.0
28-03-2020,Bihar,9.0,0.0,1.0
28-03-2020,Chandigarh,8.0,0.0,0.0
28-03-2020,Chhattisgarh,6.0,0.0,0.0
28-03-2020,Delhi,39.0,6.0,1.0
28-03-2020,Goa,3.0,0.0,0.0
28-03-2020,Gujarat,45.0,0.0,3.0
28-03-2020,Haryana,33.0,12.0,0.0
28-03-2020,Himachal Pradesh,3.0,0.0,1.0
28-03-2020,Jammu and Kashmir,20.0,1.0,1.0
28-03-2020,Karnataka,55.0,3.0,2.0
28-03-2020,Kerala,176.0,11.0,0.0
28-03-2020,Ladakh,13.0,3.0,0.0
28-03-2020,Madhya Pradesh,30.0,0.0,2.0
28-03-2020,Maharashtra,180.0,25.0,5.0
28-03-2020,Manipur,1.0,0.0,0.0
28-03-2020,Mizoram,1.0,0.0,0.0
28-03-2020,Odisha,3.0,0.0,0.0
28-03-2020,Puducherry,1.0,0.0,0.0
28-03-2020,Punjab,38.0,1.0,1.0
28-03-2020,Rajasthan,54.0,3.0,0.0
28-03-2020,Tamil Nadu,40.0,2.0,1.0
28-03-2020,Telangana,56.0,1.0,0.0
28-03-2020,Uttarakhand,5.0,0.0,0.0
28-03-2020,Uttar Pradesh,55.0,11.0,0.0
28-03-2020,West Bengal,15.0,0.0,1.0
28-03-2020,National Total,909.0,80.0,19.0
29-03-2020,Andhra Pradesh,14.0,1.0,0.0
29-03-2020,Andaman and Nicobar Islands,9.0,0.0,0.0
29-03-2020,Bihar,9.0,0.0,1.0
29-03-2020,Chandigarh,8.0,0.0,0.0
29-03-2020,Chhattisgarh,6.0,0.0,0.0
29-03-2020,Delhi,39.0,6.0,2.0
29-03-2020,Goa,3.0,0.0,0.0
29-03-2020,Gujarat,53.0,0.0,4.0
29-03-2020,Haryana,33.0,12.0,0.0
29-03-2020,Himachal Pradesh,3.0,0.0,1.0
29-03-2020,Jammu and Kashmir,31.0,1.0,1.0
29-03-2020,Karnataka,76.0,5.0,3.0
29-03-2020,Kerala,182.0,15.0,1.0
29-03-2020,Ladakh,13.0,3.0,0.0
29-03-2020,Madhya Pradesh,30.0,0.0,2.0
29-03-2020,Maharashtra,186.0,25.0,6.0
29-03-2020,Manipur,1.0,0.0,0.0
29-03-2020,Mizoram,1.0,0.0,0.0
29-03-2020,Odisha,3.0,0.0,0.0
29-03-2020,Puducherry,1.0,0.0,0.0
29-03-2020,Punjab,38.0,1.0,1.0
29-03-2020,Rajasthan,54.0,3.0,0.0
29-03-2020,Tamil Nadu,42.0,2.0,1.0
29-03-2020,Telangana,66.0,1.0,1.0
29-03-2020,Uttarakhand,6.0,1.0,0.0
29-03-2020,Uttar Pradesh,55.0,11.0,0.0
29-03-2020,West Bengal,17.0,0.0,1.0
29-03-2020,National Total,979.0,87.0,25.0
30-03-2020,Andhra Pradesh,23.0,1.0,0.0
30-03-2020,Andaman and Nicobar Islands,9.0,0.0,0.0
30-03-2020,Bihar,15.0,0.0,1.0
30-03-2020,Chandigarh,8.0,0.0,0.0
30-03-2020,Chhattisgarh,7.0,0.0,0.0
30-03-2020,Delhi,87.0,6.0,2.0
30-03-2020,Goa,5.0,0.0,0.0
30-03-2020,Gujarat,69.0,1.0,6.0
30-03-2020,Haryana,36.0,18.0,0.0
30-03-2020,Himachal Pradesh,3.0,0.0,1.0
30-03-2020,Jammu and Kashmir,48.0,2.0,2.0
30-03-2020,Karnataka,83.0,5.0,3.0
30-03-2020,Kerala,202.0,19.0,1.0
30-03-2020,Ladakh,13.0,3.0,0.0
30-03-2020,Madhya Pradesh,47.0,0.0,3.0
30-03-2020,Maharashtra,198.0,25.0,8.0
30-03-2020,Manipur,1.0,0.0,0.0
30-03-2020,Mizoram,1.0,0.0,0.0
30-03-2020,Odisha,3.0,0.0,0.0
30-03-2020,Puducherry,1.0,0.0,0.0
30-03-2020,Punjab,38.0,1.0,1.0
30-03-2020,Rajasthan,59.0,3.0,0.0
30-03-2020,Tamil Nadu,67.0,4.0,1.0
30-03-2020,Telangana,71.0,1.0,1.0
30-03-2020,Uttarakhand,7.0,2.0,0.0
30-03-2020,Uttar Pradesh,82.0,11.0,0.0
30-03-2020,West Bengal,22.0,0.0,1.0
30-03-2020,National Total,1205.0,102.0,31.0
31-03-2020,Andhra Pradesh,40.0,1.0,0.0
31-03-2020,Andaman and Nicobar Islands,10.0,0.0,0.0
31-03-2020,Bihar,15.0,0.0,1.0
31-03-2020,Chandigarh,13.0,0.0,0.0
31-03-2020,Chhattisgarh,8.0,0.0,0.0
31-03-2020,Delhi,97.0,6.0,2.0
31-03-2020,Goa,5.0,0.0,0.0
31-03-2020,Gujarat,73.0,3.0,6.0
31-03-2020,Haryana,40.0,21.0,0.0
31-03-2020,Himachal Pradesh,3.0,0.0,1.0
31-03-2020,Jammu and Kashmir,54.0,2.0,2.0
31-03-2020,Karnataka,83.0,5.0,3.0
31-03-2020,Kerala,234.0,19.0,1.0
31-03-2020,Ladakh,13.0,3.0,0.0
31-03-2020,Madhya Pradesh,47.0,0.0,3.0
31-03-2020,Maharashtra,216.0,39.0,9.0
31-03-2020,Manipur,1.0,0.0,0.0
31-03-2020,Mizoram,1.0,0.0,0.0
31-03-2020,Odisha,3.0,0.0,0.0
31-03-2020,Puducherry,1.0,0.0,0.0
31-03-2020,Punjab,41.0,1.0,3.0
31-03-2020,Rajasthan,74.0,3.0,0.0
31-03-2020,Tamil Nadu,74.0,4.0,1.0
31-03-2020,Telangana,79.0,1.0,1.0
31-03-2020,Uttarakhand,7.0,2.0,0.0
31-03-2020,Uttar Pradesh,101.0,14.0,0.0
31-03-2020,West Bengal,26.0,0.0,2.0
31-03-2020,National Total,1359.0,124.0,35.0
01-04-2020,Andhra Pradesh,83.0,1.0,0.0
01-04-2020,Andaman and Nicobar Islands,10.0,0.0,0.0
01-04-2020,Bihar,23.0,0.0,1.0
01-04-2020,Chandigarh,13.0,0.0,0.0
01-04-2020,Chhattisgarh,9.0,0.0,0.0
01-04-2020,Delhi,120.0,6.0,2.0
01-04-2020,Goa,5.0,0.0,0.0
01-04-2020,Gujarat,74.0,5.0,6.0
01-04-2020,Haryana,43.0,21.0,0.0
01-04-2020,Himachal Pradesh,3.0,0.0,1.0
01-04-2020,Jammu and Kashmir,55.0,2.0,2.0
01-04-2020,Karnataka,101.0,8.0,3.0
01-04-2020,Kerala,241.0,23.0,2.0
01-04-2020,Ladakh,13.0,3.0,0.0
01-04-2020,Madhya Pradesh,47.0,0.0,3.0
01-04-2020,Maharashtra,302.0,39.0,9.0
01-04-2020,Manipur,1.0,0.0,0.0
01-04-2020,Mizoram,1.0,0.0,0.0
01-04-2020,Odisha,4.0,0.0,0.0
01-04-2020,Puducherry,1.0,0.0,0.0
01-04-2020,Punjab,41.0,1.0,3.0
01-04-2020,Rajasthan,93.0,3.0,0.0
01-04-2020,Tamil Nadu,124.0,4.0,1.0
01-04-2020,Telangana,94.0,1.0,3.0
01-04-2020,Uttarakhand,7.0,2.0,0.0
01-04-2020,Uttar Pradesh,103.0,14.0,0.0
01-04-2020,West Bengal,26.0,0.0,2.0
01-04-2020,National Total,1637.0,133.0,38.0
02-04-2020,Andhra Pradesh,86.0,1.0,1.0
02-04-2020,Andaman and Nicobar Islands,10.0,0.0,0.0
02-04-2020,Assam,5.0,0.0,0.0
02-04-2020,Bihar,24.0,0.0,1.0
02-04-2020,Chandigarh,16.0,0.0,0.0
02-04-2020,Chhattisgarh,9.0,2.0,0.0
02-04-2020,Delhi,219.0,8.0,4.0
02-04-2020,Goa,5.0,0.0,0.0
02-04-2020,Gujarat,87.0,8.0,7.0
02-04-2020,Haryana,43.0,21.0,0.0
02-04-2020,Himachal Pradesh,3.0,1.0,1.0
02-04-2020,Jammu and Kashmir,62.0,2.0,2.0
02-04-2020,Jharkhand,1.0,0.0,0.0
02-04-2020,Karnataka,110.0,9.0,3.0
02-04-2020,Kerala,265.0,25.0,2.0
02-04-2020,Ladakh,13.0,3.0,0.0
02-04-2020,Madhya Pradesh,99.0,0.0,6.0
02-04-2020,Maharashtra,335.0,42.0,13.0
02-04-2020,Manipur,1.0,0.0,0.0
02-04-2020,Mizoram,1.0,0.0,0.0
02-04-2020,Odisha,4.0,0.0,0.0
02-04-2020,Puducherry,3.0,1.0,0.0
02-04-2020,Punjab,46.0,1.0,4.0
02-04-2020,Rajasthan,108.0,3.0,0.0
02-04-2020,Tamil Nadu,234.0,6.0,1.0
02-04-2020,Telangana,107.0,1.0,3.0
02-04-2020,Uttarakhand,7.0,2.0,0.0
02-04-2020,Uttar Pradesh,113.0,14.0,2.0
02-04-2020,West Bengal,53.0,6.0,3.0
02-04-2020,National Total,2069.0,156.0,53.0
03-04-2020,Andhra Pradesh,132.0,1.0,1.0
03-04-2020,Andaman and Nicobar Islands,10.0,0.0,0.0
03-04-2020,Arunachal Pradesh,1.0,0.0,0.0
03-04-2020,Assam,16.0,0.0,0.0
03-04-2020,Bihar,24.0,0.0,1.0
03-04-2020,Chandigarh,18.0,0.0,0.0
03-04-2020,Chhattisgarh,9.0,2.0,0.0
03-04-2020,Delhi,219.0,8.0,4.0
03-04-2020,Goa,6.0,0.0,0.0
03-04-2020,Gujarat,87.0,8.0,7.0
03-04-2020,Haryana,43.0,21.0,0.0
03-04-2020,Himachal Pradesh,6.0,1.0,1.0
03-04-2020,Jammu and Kashmir,70.0,3.0,2.0
03-04-2020,Jharkhand,2.0,0.0,0.0
03-04-2020,Karnataka,124.0,10.0,3.0
03-04-2020,Kerala,286.0,27.0,2.0
03-04-2020,Ladakh,14.0,3.0,0.0
03-04-2020,Madhya Pradesh,99.0,0.0,6.0
03-04-2020,Maharashtra,335.0,42.0,16.0
03-04-2020,Manipur,2.0,0.0,0.0
03-04-2020,Mizoram,1.0,0.0,0.0
03-04-2020,Odisha,5.0,0.0,0.0
03-04-2020,Puducherry,3.0,1.0,0.0
03-04-2020,Punjab,46.0,1.0,4.0
03-04-2020,Rajasthan,133.0,3.0,0.0
03-04-2020,Tamil Nadu,309.0,6.0,1.0
03-04-2020,Telangana,107.0,1.0,3.0
03-04-2020,Uttarakhand,10.0,2.0,0.0
03-04-2020,Uttar Pradesh,113.0,14.0,2.0
03-04-2020,West Bengal,53.0,3.0,3.0
03-04-2020,National Total,2283.0,157.0,56.0
04-04-2020,Andhra Pradesh,161.0,1.0,1.0
04-04-2020,Andaman and Nicobar Islands,10.0,0.0,0.0
04-04-2020,Arunachal Pradesh,1.0,0.0,0.0
04-04-2020,Assam,24.0,0.0,0.0
04-04-2020,Bihar,29.0,0.0,1.0
04-04-2020,Chandigarh,18.0,0.0,0.0
04-04-2020,Chhattisgarh,9.0,3.0,0.0
04-04-2020,Delhi,386.0,8.0,6.0
04-04-2020,Goa,6.0,0.0,0.0
04-04-2020,Gujarat,95.0,10.0,9.0
04-04-2020,Haryana,49.0,24.0,0.0
04-04-2020,Himachal Pradesh,6.0,1.0,1.0
04-04-2020,Jammu and Kashmir,75.0,3.0,2.0
04-04-2020,Jharkhand,2.0,0.0,0.0
04-04-2020,Karnataka,128.0,12.0,3.0
04-04-2020,Kerala,295.0,41.0,2.0
04-04-2020,Ladakh,14.0,3.0,0.0
04-04-2020,Madhya Pradesh,104.0,0.0,6.0
04-04-2020,Maharashtra,423.0,42.0,19.0
04-04-2020,Manipur,2.0,0.0,0.0
04-04-2020,Mizoram,1.0,0.0,0.0
04-04-2020,Odisha,5.0,0.0,0.0
04-04-2020,Puducherry,5.0,1.0,0.0
04-04-2020,Punjab,53.0,1.0,5.0
04-04-2020,Rajasthan,179.0,3.0,0.0
04-04-2020,Tamil Nadu,411.0,6.0,1.0
04-04-2020,Telangana,158.0,1.0,7.0
04-04-2020,Uttarakhand,16.0,2.0,0.0
04-04-2020,Uttar Pradesh,174.0,19.0,2.0
04-04-2020,West Bengal,63.0,3.0,3.0
04-04-2020,National Total,2902.0,184.0,68.0
05-04-2020,Andhra Pradesh,190.0,1.0,1.0
05-04-2020,Andaman and Nicobar Islands,10.0,0.0,0.0
05-04-2020,Arunachal Pradesh,1.0,0.0,0.0
05-04-2020,Assam,26.0,0.0,0.0
05-04-2020,Bihar,30.0,0.0,1.0
05-04-2020,Chandigarh,18.0,0.0,0.0
05-04-2020,Chhattisgarh,9.0,3.0,0.0
05-04-2020,Delhi,503.0,18.0,7.0
05-04-2020,Goa,7.0,0.0,0.0
05-04-2020,Gujarat,122.0,18.0,11.0
05-04-2020,Haryana,59.0,25.0,1.0
05-04-2020,Himachal Pradesh,6.0,1.0,1.0
05-04-2020,Jammu and Kashmir,106.0,4.0,2.0
05-04-2020,Jharkhand,3.0,0.0,0.0
05-04-2020,Karnataka,144.0,12.0,4.0
05-04-2020,Kerala,306.0,49.0,2.0
05-04-2020,Ladakh,14.0,10.0,0.0
05-04-2020,Madhya Pradesh,165.0,0.0,9.0
05-04-2020,Maharashtra,490.0,42.0,24.0
05-04-2020,Manipur,2.0,0.0,0.0
05-04-2020,Mizoram,1.0,0.0,0.0
05-04-2020,Odisha,20.0,0.0,0.0
05-04-2020,Puducherry,5.0,1.0,0.0
05-04-2020,Punjab,57.0,1.0,5.0
05-04-2020,Rajasthan,200.0,21.0,0.0
05-04-2020,Tamil Nadu,485.0,6.0,3.0
05-04-2020,Telangana,269.0,32.0,7.0
05-04-2020,Uttarakhand,22.0,2.0,0.0
05-04-2020,Uttar Pradesh,227.0,19.0,2.0
05-04-2020,West Bengal,80.0,10.0,3.0
05-04-2020,National Total,3577.0,275.0,83.0
06-04-2020,Andhra Pradesh,226.0,1.0,3.0
06-04-2020,Andaman and Nicobar Islands,10.0,0.0,0.0
06-04-2020,Arunachal Pradesh,1.0,0.0,0.0
06-04-2020,Assam,26.0,0.0,0.0
06-04-2020,Bihar,32.0,0.0,1.0
06-04-2020,Chandigarh,18.0,0.0,0.0
06-04-2020,Chhattisgarh,10.0,8.0,0.0
06-04-2020,Delhi,523.0,19.0,7.0
06-04-2020,Goa,7.0,0.0,0.0
06-04-2020,Gujarat,144.0,22.0,12.0
06-04-2020,Haryana,84.0,25.0,1.0
06-04-2020,Himachal Pradesh,13.0,2.0,1.0
06-04-2020,Jammu and Kashmir,109.0,4.0,2.0
06-04-2020,Jharkhand,4.0,0.0,0.0
06-04-2020,Karnataka,151.0,12.0,4.0
06-04-2020,Kerala,314.0,55.0,2.0
06-04-2020,Ladakh,14.0,10.0,0.0
06-04-2020,Madhya Pradesh,165.0,0.0,9.0
06-04-2020,Maharashtra,748.0,56.0,45.0
06-04-2020,Manipur,2.0,0.0,0.0
06-04-2020,Mizoram,1.0,0.0,0.0
06-04-2020,Odisha,21.0,2.0,0.0
06-04-2020,Puducherry,5.0,1.0,0.0
06-04-2020,Punjab,76.0,4.0,6.0
06-04-2020,Rajasthan,274.0,21.0,0.0
06-04-2020,Tamil Nadu,571.0,8.0,5.0
06-04-2020,Telangana,321.0,34.0,7.0
06-04-2020,Uttarakhand,26.0,4.0,0.0
06-04-2020,Uttar Pradesh,305.0,21.0,3.0
06-04-2020,West Bengal,80.0,10.0,3.0
06-04-2020,National Total,4281.0,319.0,111.0
07-04-2020,Andhra Pradesh,266.0,1.0,3.0
07-04-2020,Andaman and Nicobar Islands,10.0,0.0,0.0
07-04-2020,Arunachal Pradesh,1.0,0.0,0.0
07-04-2020,Assam,26.0,0.0,0.0
07-04-2020,Bihar,32.0,0.0,1.0
07-04-2020,Chandigarh,18.0,7.0,0.0
07-04-2020,Chhattisgarh,10.0,9.0,0.0
07-04-2020,Delhi,576.0,21.0,7.0
07-04-2020,Goa,7.0,0.0,0.0
07-04-2020,Gujarat,165.0,25.0,13.0
07-04-2020,Haryana,90.0,25.0,1.0
07-04-2020,Himachal Pradesh,13.0,2.0,1.0
07-04-2020,Jammu and Kashmir,116.0,4.0,2.0
07-04-2020,Jharkhand,4.0,0.0,0.0
07-04-2020,Karnataka,175.0,25.0,4.0
07-04-2020,Kerala,327.0,58.0,2.0
07-04-2020,Ladakh,14.0,10.0,0.0
07-04-2020,Madhya Pradesh,229.0,0.0,13.0
07-04-2020,Maharashtra,868.0,56.0,48.0
07-04-2020,Manipur,2.0,0.0,0.0
07-04-2020,Mizoram,1.0,0.0,0.0
07-04-2020,Odisha,42.0,2.0,1.0
07-04-2020,Puducherry,5.0,1.0,0.0
07-04-2020,Punjab,91.0,4.0,7.0
07-04-2020,Rajasthan,288.0,21.0,3.0
07-04-2020,Tamil Nadu,621.0,8.0,5.0
07-04-2020,Telangana,364.0,35.0,7.0
07-04-2020,Tripura,1.0,0.0,0.0
07-04-2020,Uttarakhand,31.0,5.0,0.0
07-04-2020,Uttar Pradesh,305.0,21.0,3.0
07-04-2020,West Bengal,91.0,13.0,3.0
07-04-2020,National Total,4789.0,353.0,124.0
08-04-2020,Andhra Pradesh,305.0,5.0,4.0
08-04-2020,Andaman and Nicobar Islands,10.0,0.0,0.0
08-04-2020,Arunachal Pradesh,1.0,0.0,0.0
08-04-2020,Assam,27.0,0.0,0.0
08-04-2020,Bihar,38.0,0.0,1.0
08-04-2020,Chandigarh,18.0,7.0,0.0
08-04-2020,Chhattisgarh,10.0,9.0,0.0
08-04-2020,Delhi,576.0,21.0,9.0
08-04-2020,Goa,7.0,0.0,0.0
08-04-2020,Gujarat,165.0,25.0,13.0
08-04-2020,Haryana,147.0,28.0,3.0
08-04-2020,Himachal Pradesh,18.0,2.0,1.0
08-04-2020,Jammu and Kashmir,116.0,4.0,2.0
08-04-2020,Jharkhand,4.0,0.0,0.0
08-04-2020,Karnataka,175.0,25.0,4.0
08-04-2020,Kerala,336.0,70.0,2.0
08-04-2020,Ladakh,14.0,10.0,0.0
08-04-2020,Madhya Pradesh,229.0,0.0,13.0
08-04-2020,Maharashtra,1018.0,79.0,64.0
08-04-2020,Manipur,2.0,0.0,0.0
08-04-2020,Mizoram,1.0,0.0,0.0
08-04-2020,Odisha,42.0,2.0,1.0
08-04-2020,Puducherry,5.0,1.0,0.0
08-04-2020,Punjab,91.0,4.0,7.0
08-04-2020,Rajasthan,328.0,21.0,3.0
08-04-2020,Tamil Nadu,690.0,19.0,7.0
08-04-2020,Telangana,427.0,35.0,7.0
08-04-2020,Tripura,1.0,0.0,0.0
08-04-2020,Uttarakhand,31.0,5.0,0.0
08-04-2020,Uttar Pradesh,343.0,26.0,3.0
08-04-2020,West Bengal,99.0,13.0,5.0
08-04-2020,National Total,5274.0,411.0,149.0
09-04-2020,Andhra Pradesh,348.0,6.0,4.0
09-04-2020,Andaman and Nicobar Islands,11.0,0.0,0.0
09-04-2020,Arunachal Pradesh,1.0,0.0,0.0
09-04-2020,Assam,28.0,0.0,0.0
09-04-2020,Bihar,39.0,0.0,1.0
09-04-2020,Chandigarh,18.0,7.0,0.0
09-04-2020,Chhattisgarh,10.0,9.0,0.0
09-04-2020,Delhi,669.0,21.0,9.0
09-04-2020,Goa,7.0,0.0,0.0
09-04-2020,Gujarat,179.0,25.0,16.0
09-04-2020,Haryana,169.0,29.0,3.0
09-04-2020,Himachal Pradesh,18.0,2.0,1.0
09-04-2020,Jammu and Kashmir,158.0,4.0,4.0
09-04-2020,Jharkhand,13.0,0.0,0.0
09-04-2020,Karnataka,181.0,28.0,5.0
09-04-2020,Kerala,345.0,83.0,2.0
09-04-2020,Ladakh,14.0,10.0,0.0
09-04-2020,Madhya Pradesh,259.0,0.0,16.0
09-04-2020,Maharashtra,1135.0,117.0,72.0
09-04-2020,Manipur,2.0,1.0,0.0
09-04-2020,Mizoram,1.0,0.0,0.0
09-04-2020,Odisha,42.0,2.0,1.0
09-04-2020,Puducherry,5.0,1.0,0.0
09-04-2020,Punjab,101.0,4.0,8.0
09-04-2020,Rajasthan,383.0,21.0,3.0
09-04-2020,Tamil Nadu,738.0,21.0,8.0
09-04-2020,Telangana,442.0,35.0,7.0
09-04-2020,Tripura,1.0,0.0,0.0
09-04-2020,Uttarakhand,35.0,5.0,0.0
09-04-2020,Uttar Pradesh,410.0,31.0,4.0
09-04-2020,West Bengal,103.0,16.0,5.0
09-04-2020,National Total,5865.0,478.0,169.0
10-04-2020,Andhra Pradesh,363.0,7.0,6.0
10-04-2020,Andaman and Nicobar Islands,11.0,0.0,0.0
10-04-2020,Arunachal Pradesh,1.0,0.0,0.0
10-04-2020,Assam,29.0,0.0,0.0
10-04-2020,Bihar,60.0,0.0,1.0
10-04-2020,Chandigarh,18.0,7.0,0.0
10-04-2020,Chhattisgarh,10.0,9.0,0.0
10-04-2020,Delhi,898.0,25.0,13.0
10-04-2020,Goa,7.0,1.0,0.0
10-04-2020,Gujarat,241.0,26.0,17.0
10-04-2020,Haryana,169.0,29.0,3.0
10-04-2020,Himachal Pradesh,28.0,6.0,1.0
10-04-2020,Jammu and Kashmir,184.0,6.0,4.0
10-04-2020,Jharkhand,13.0,0.0,1.0
10-04-2020,Karnataka,197.0,30.0,6.0
10-04-2020,Kerala,357.0,96.0,2.0
10-04-2020,Ladakh,15.0,10.0,0.0
10-04-2020,Madhya Pradesh,259.0,0.0,16.0
10-04-2020,Maharashtra,1364.0,125.0,97.0
10-04-2020,Manipur,2.0,1.0,0.0
10-04-2020,Mizoram,1.0,0.0,0.0
10-04-2020,Odisha,44.0,2.0,1.0
10-04-2020,Puducherry,5.0,1.0,0.0
10-04-2020,Punjab,132.0,5.0,11.0
10-04-2020,Rajasthan,463.0,21.0,3.0
10-04-2020,Tamil Nadu,834.0,21.0,8.0
10-04-2020,Telangana,473.0,35.0,7.0
10-04-2020,Tripura,1.0,0.0,0.0
10-04-2020,Uttarakhand,35.0,5.0,0.0
10-04-2020,Uttar Pradesh,431.0,32.0,4.0
10-04-2020,West Bengal,116.0,16.0,5.0
10-04-2020,National Total,6761.0,516.0,206.0
11-04-2020,Andhra Pradesh,381.0,11.0,6.0
11-04-2020,Andaman and Nicobar Islands,11.0,0.0,0.0
11-04-2020,Arunachal Pradesh,1.0,0.0,0.0
11-04-2020,Assam,29.0,0.0,1.0
11-04-2020,Bihar,60.0,0.0,1.0
11-04-2020,Chandigarh,18.0,7.0,0.0
11-04-2020,Chhattisgarh,18.0,9.0,0.0
11-04-2020,Delhi,903.0,25.0,14.0
11-04-2020,Goa,7.0,1.0,0.0
11-04-2020,Gujarat,308.0,31.0,19.0
11-04-2020,Haryana,177.0,29.0,3.0
11-04-2020,Himachal Pradesh,28.0,6.0,1.0
11-04-2020,Jammu and Kashmir,207.0,6.0,4.0
11-04-2020,Jharkhand,17.0,0.0,1.0
11-04-2020,Karnataka,214.0,37.0,6.0
11-04-2020,Kerala,364.0,123.0,2.0
11-04-2020,Ladakh,15.0,10.0,0.0
11-04-2020,Madhya Pradesh,443.0,0.0,33.0
11-04-2020,Maharashtra,1574.0,188.0,110.0
11-04-2020,Manipur,2.0,1.0,0.0
11-04-2020,Mizoram,1.0,0.0,0.0
11-04-2020,Odisha,48.0,2.0,1.0
11-04-2020,Puducherry,7.0,1.0,0.0
11-04-2020,Punjab,132.0,5.0,11.0
11-04-2020,Rajasthan,553.0,21.0,3.0
11-04-2020,Tamil Nadu,911.0,44.0,8.0
11-04-2020,Telangana,504.0,43.0,9.0
11-04-2020,Tripura,2.0,0.0,0.0
11-04-2020,Uttarakhand,35.0,5.0,0.0
11-04-2020,Uttar Pradesh,433.0,32.0,4.0
11-04-2020,West Bengal,126.0,16.0,5.0
11-04-2020,National Total,7529.0,653.0,242.0
12-04-2020,Andhra Pradesh,381.0,11.0,6.0
12-04-2020,Andaman and Nicobar Islands,11.0,10.0,0.0
12-04-2020,Arunachal Pradesh,1.0,0.0,0.0
12-04-2020,Assam,29.0,0.0,1.0
12-04-2020,Bihar,64.0,19.0,1.0
12-04-2020,Chandigarh,19.0,7.0,0.0
12-04-2020,Chhattisgarh,25.0,10.0,0.0
12-04-2020,Delhi,1069.0,25.0,19.0
12-04-2020,Goa,7.0,5.0,0.0
12-04-2020,Gujarat,432.0,44.0,22.0
12-04-2020,Haryana,185.0,29.0,3.0
12-04-2020,Himachal Pradesh,32.0,6.0,1.0
12-04-2020,Jammu and Kashmir,224.0,6.0,4.0
12-04-2020,Jharkhand,17.0,0.0,1.0
12-04-2020,Karnataka,226.0,37.0,6.0
12-04-2020,Kerala,374.0,142.0,2.0
12-04-2020,Ladakh,15.0,10.0,0.0
12-04-2020,Madhya Pradesh,564.0,0.0,36.0
12-04-2020,Maharashtra,1761.0,208.0,127.0
12-04-2020,Manipur,2.0,1.0,0.0
12-04-2020,Mizoram,1.0,0.0,0.0
12-04-2020,Odisha,54.0,12.0,1.0
12-04-2020,Puducherry,7.0,1.0,0.0
12-04-2020,Punjab,151.0,5.0,11.0
12-04-2020,Rajasthan,700.0,21.0,3.0
12-04-2020,Tamil Nadu,969.0,44.0,10.0
12-04-2020,Telangana,504.0,43.0,9.0
12-04-2020,Tripura,2.0,0.0,0.0
12-04-2020,Uttarakhand,35.0,5.0,0.0
12-04-2020,Uttar Pradesh,452.0,45.0,5.0
12-04-2020,West Bengal,134.0,19.0,5.0
12-04-2020,National Total,8447.0,765.0,273.0
13-04-2020,Andhra Pradesh,432.0,11.0,7.0
13-04-2020,Andaman and Nicobar Islands,11.0,10.0,0.0
13-04-2020,Arunachal Pradesh,1.0,0.0,0.0
13-04-2020,Assam,32.0,0.0,1.0
13-04-2020,Bihar,64.0,26.0,1.0
13-04-2020,Chandigarh,21.0,7.0,0.0
13-04-2020,Chhattisgarh,31.0,10.0,0.0
13-04-2020,Delhi,1154.0,27.0,24.0
13-04-2020,Goa,7.0,5.0,0.0
13-04-2020,Gujarat,539.0,47.0,26.0
13-04-2020,Haryana,185.0,29.0,3.0
13-04-2020,Himachal Pradesh,32.0,13.0,1.0
13-04-2020,Jammu and Kashmir,245.0,6.0,4.0
13-04-2020,Jharkhand,19.0,0.0,2.0
13-04-2020,Karnataka,247.0,59.0,6.0
13-04-2020,Kerala,376.0,179.0,3.0
13-04-2020,Ladakh,15.0,10.0,0.0
13-04-2020,Madhya Pradesh,604.0,44.0,43.0
13-04-2020,Maharashtra,1985.0,217.0,149.0
13-04-2020,Manipur,2.0,1.0,0.0
13-04-2020,Mizoram,1.0,0.0,0.0
13-04-2020,Odisha,54.0,12.0,1.0
13-04-2020,Puducherry,7.0,1.0,0.0
13-04-2020,Punjab,167.0,14.0,11.0
13-04-2020,Rajasthan,812.0,21.0,3.0
13-04-2020,Tamil Nadu,1075.0,50.0,11.0
13-04-2020,Telangana,562.0,100.0,16.0
13-04-2020,Tripura,2.0,0.0,0.0
13-04-2020,Uttarakhand,35.0,5.0,0.0
13-04-2020,Uttar Pradesh,483.0,47.0,5.0
13-04-2020,West Bengal,152.0,29.0,7.0
13-04-2020,National Total,9352.0,980.0,324.0
14-04-2020,Andhra Pradesh,473.0,14.0,9.0
14-04-2020,Andaman and Nicobar Islands,11.0,10.0,0.0
14-04-2020,Arunachal Pradesh,1.0,0.0,0.0
14-04-2020,Assam,32.0,0.0,1.0
14-04-2020,Bihar,66.0,26.0,1.0
14-04-2020,Chandigarh,21.0,7.0,0.0
14-04-2020,Chhattisgarh,31.0,10.0,0.0
14-04-2020,Delhi,1510.0,30.0,28.0
14-04-2020,Goa,7.0,5.0,0.0
14-04-2020,Gujarat,617.0,55.0,26.0
14-04-2020,Haryana,199.0,34.0,3.0
14-04-2020,Himachal Pradesh,32.0,13.0,1.0
14-04-2020,Jammu and Kashmir,270.0,16.0,4.0
14-04-2020,Jharkhand,24.0,0.0,2.0
14-04-2020,Karnataka,258.0,65.0,9.0
14-04-2020,Kerala,379.0,198.0,3.0
14-04-2020,Ladakh,15.0,10.0,0.0
14-04-2020,Madhya Pradesh,730.0,51.0,50.0
14-04-2020,Maharashtra,2337.0,229.0,160.0
14-04-2020,Manipur,2.0,1.0,0.0
14-04-2020,Meghalaya,1.0,0.0,0.0
14-04-2020,Mizoram,1.0,0.0,0.0
14-04-2020,Odisha,55.0,18.0,1.0
14-04-2020,Puducherry,7.0,1.0,0.0
14-04-2020,Punjab,176.0,14.0,12.0
14-04-2020,Rajasthan,879.0,133.0,3.0
14-04-2020,Tamil Nadu,1173.0,58.0,11.0
14-04-2020,Telangana,624.0,100.0,17.0
14-04-2020,Tripura,2.0,0.0,0.0
14-04-2020,Uttarakhand,35.0,7.0,0.0
14-04-2020,Uttar Pradesh,657.0,49.0,5.0
14-04-2020,West Bengal,190.0,36.0,7.0
14-04-2020,National Total,10815.0,1190.0,353.0
15-04-2020,Andaman and Nicobar Islands,11.0,10.0,0.0
15-04-2020,Andhra Pradesh,503.0,16.0,9.0
15-04-2020,Arunachal Pradesh,1.0,0.0,0.0
15-04-2020,Assam,33.0,0.0,1.0
15-04-2020,Bihar,70.0,29.0,1.0
15-04-2020,Chandigarh,21.0,7.0,0.0
15-04-2020,Chhattisgarh,33.0,13.0,0.0
15-04-2020,Delhi,1561.0,30.0,30.0
15-04-2020,Goa,7.0,5.0,0.0
15-04-2020,Gujarat,695.0,59.0,30.0
15-04-2020,Haryana,199.0,34.0,3.0
15-04-2020,Himachal Pradesh,33.0,13.0,1.0
15-04-2020,Jammu and Kashmir,278.0,30.0,4.0
15-04-2020,Jharkhand,27.0,0.0,2.0
15-04-2020,Karnataka,277.0,75.0,11.0
15-04-2020,Kerala,387.0,211.0,3.0
15-04-2020,Ladakh,17.0,10.0,0.0
15-04-2020,Madhya Pradesh,987.0,64.0,53.0
15-04-2020,Maharashtra,2687.0,259.0,178.0
15-04-2020,Manipur,2.0,1.0,0.0
15-04-2020,Meghalaya,7.0,0.0,1.0
15-04-2020,Mizoram,1.0,0.0,0.0
15-04-2020,Odisha,60.0,18.0,1.0
15-04-2020,Puducherry,7.0,1.0,0.0
15-04-2020,Punjab,186.0,14.0,13.0
15-04-2020,Rajasthan,1005.0,147.0,3.0
15-04-2020,Tamil Nadu,1204.0,81.0,12.0
15-04-2020,Telangana,647.0,120.0,18.0
15-04-2020,Tripura,2.0,0.0,0.0
15-04-2020,Uttarakhand,37.0,9.0,0.0
15-04-2020,Uttar Pradesh,735.0,51.0,11.0
15-04-2020,West Bengal,213.0,37.0,7.0
15-04-2020,National Total,11933.0,1344.0,392.0
16-04-2020,Andaman and Nicobar Islands,11.0,10.0,0.0
16-04-2020,Andhra Pradesh,534.0,20.0,14.0
16-04-2020,Arunachal Pradesh,1.0,0.0,0.0
16-04-2020,Assam,33.0,5.0,1.0
16-04-2020,Bihar,74.0,29.0,1.0
16-04-2020,Chandigarh,21.0,7.0,0.0
16-04-2020,Chhattisgarh,33.0,17.0,0.0
16-04-2020,Delhi,1578.0,42.0,32.0
16-04-2020,Goa,7.0,5.0,0.0
16-04-2020,Gujarat,871.0,64.0,36.0
16-04-2020,Haryana,205.0,43.0,3.0
16-04-2020,Himachal Pradesh,35.0,16.0,1.0
16-04-2020,Jammu and Kashmir,300.0,36.0,4.0
16-04-2020,Jharkhand,28.0,0.0,2.0
16-04-2020,Karnataka,315.0,82.0,13.0
16-04-2020,Kerala,388.0,218.0,3.0
16-04-2020,Ladakh,17.0,10.0,0.0
16-04-2020,Madhya Pradesh,1120.0,64.0,53.0
16-04-2020,Maharashtra,2919.0,295.0,187.0
16-04-2020,Manipur,2.0,1.0,0.0
16-04-2020,Meghalaya,7.0,0.0,1.0
16-04-2020,Mizoram,1.0,0.0,0.0
16-04-2020,Odisha,60.0,18.0,1.0
16-04-2020,Puducherry,7.0,1.0,0.0
16-04-2020,Punjab,186.0,27.0,13.0
16-04-2020,Rajasthan,1023.0,147.0,3.0
16-04-2020,Tamil Nadu,1242.0,118.0,14.0
16-04-2020,Telangana,698.0,120.0,18.0
16-04-2020,Tripura,2.0,1.0,0.0
16-04-2020,Uttarakhand,37.0,9.0,0.0
16-04-2020,Uttar Pradesh,773.0,68.0,13.0
16-04-2020,West Bengal,231.0,42.0,7.0
16-04-2020,National Total,12759.0,1515.0,420.0
17-04-2020,Andaman and Nicobar Islands,11.0,10.0,0.0
17-04-2020,Andhra Pradesh,572.0,36.0,14.0
17-04-2020,Arunachal Pradesh,1.0,0.0,0.0
17-04-2020,Assam,35.0,5.0,1.0
17-04-2020,Bihar,83.0,37.0,1.0
17-04-2020,Chandigarh,21.0,9.0,0.0
17-04-2020,Chhattisgarh,36.0,23.0,0.0
17-04-2020,Delhi,1640.0,51.0,38.0
17-04-2020,Goa,7.0,6.0,0.0
17-04-2020,Gujarat,1021.0,74.0,38.0
17-04-2020,Haryana,205.0,43.0,3.0
17-04-2020,Himachal Pradesh,35.0,16.0,1.0
17-04-2020,Jammu and Kashmir,314.0,38.0,4.0
17-04-2020,Jharkhand,29.0,0.0,2.0
17-04-2020,Karnataka,353.0,82.0,13.0
17-04-2020,Kerala,395.0,245.0,3.0
17-04-2020,Ladakh,18.0,14.0,0.0
17-04-2020,Madhya Pradesh,1308.0,65.0,57.0
17-04-2020,Maharashtra,3205.0,300.0,194.0
17-04-2020,Manipur,2.0,1.0,0.0
17-04-2020,Meghalaya,9.0,0.0,1.0
17-04-2020,Mizoram,1.0,0.0,0.0
17-04-2020,Odisha,60.0,19.0,1.0
17-04-2020,Puducherry,7.0,1.0,0.0
17-04-2020,Punjab,186.0,27.0,13.0
17-04-2020,Rajasthan,1131.0,164.0,11.0
17-04-2020,Tamil Nadu,1267.0,180.0,15.0
17-04-2020,Telangana,743.0,186.0,18.0
17-04-2020,Tripura,2.0,1.0,0.0
17-04-2020,Uttarakhand,37.0,9.0,0.0
17-04-2020,Uttar Pradesh,846.0,74.0,14.0
17-04-2020,West Bengal,255.0,51.0,10.0
17-04-2020,National Total,13835.0,1767.0,452.0
18-04-2020,Andaman and Nicobar Islands,12.0,11.0,0.0
18-04-2020,Andhra Pradesh,603.0,42.0,15.0
18-04-2020,Arunachal Pradesh,1.0,0.0,0.0
18-04-2020,Assam,35.0,9.0,1.0
18-04-2020,Bihar,85.0,37.0,2.0
18-04-2020,Chandigarh,21.0,9.0,0.0
18-04-2020,Chhattisgarh,36.0,24.0,0.0
18-04-2020,Delhi,1707.0,72.0,42.0
18-04-2020,Goa,7.0,6.0,0.0
18-04-2020,Gujarat,1272.0,88.0,48.0
18-04-2020,Haryana,225.0,43.0,3.0
18-04-2020,Himachal Pradesh,38.0,16.0,1.0
18-04-2020,Jammu and Kashmir,328.0,42.0,5.0
18-04-2020,Jharkhand,33.0,0.0,2.0
18-04-2020,Karnataka,371.0,92.0,13.0
18-04-2020,Kerala,396.0,255.0,3.0
18-04-2020,Ladakh,18.0,14.0,0.0
18-04-2020,Madhya Pradesh,1355.0,69.0,69.0
18-04-2020,Maharashtra,3323.0,331.0,201.0
18-04-2020,Manipur,2.0,1.0,0.0
18-04-2020,Meghalaya,11.0,0.0,1.0
18-04-2020,Mizoram,1.0,0.0,0.0
18-04-2020,Odisha,60.0,21.0,1.0
18-04-2020,Puducherry,7.0,3.0,0.0
18-04-2020,Punjab,202.0,27.0,13.0
18-04-2020,Rajasthan,1229.0,183.0,11.0
18-04-2020,Tamil Nadu,1323.0,283.0,15.0
18-04-2020,Telangana,791.0,186.0,18.0
18-04-2020,Tripura,2.0,1.0,0.0
18-04-2020,Uttarakhand,42.0,9.0,0.0
18-04-2020,Uttar Pradesh,969.0,86.0,14.0
18-04-2020,West Bengal,287.0,55.0,10.0
18-04-2020,National Total,14792.0,2015.0,488.0
19-04-2020,Andaman and Nicobar Islands,14.0,11.0,0.0
19-04-2020,Andhra Pradesh,603.0,42.0,15.0
19-04-2020,Arunachal Pradesh,1.0,0.0,0.0
19-04-2020,Assam,35.0,12.0,1.0
19-04-2020,Bihar,86.0,37.0,2.0
19-04-2020,Chandigarh,23.0,10.0,0.0
19-04-2020,Chhattisgarh,36.0,24.0,0.0
19-04-2020,Delhi,1893.0,72.0,43.0
19-04-2020,Goa,7.0,6.0,0.0
19-04-2020,Gujarat,1604.0,94.0,58.0
19-04-2020,Haryana,233.0,87.0,3.0
19-04-2020,Himachal Pradesh,39.0,16.0,1.0
19-04-2020,Jammu and Kashmir,341.0,51.0,5.0
19-04-2020,Jharkhand,35.0,0.0,2.0
19-04-2020,Karnataka,384.0,104.0,14.0
19-04-2020,Kerala,400.0,257.0,3.0
19-04-2020,Ladakh,18.0,14.0,0.0
19-04-2020,Madhya Pradesh,1407.0,127.0,70.0
19-04-2020,Maharashtra,3651.0,365.0,211.0
19-04-2020,Manipur,2.0,1.0,0.0
19-04-2020,Meghalaya,11.0,0.0,1.0
19-04-2020,Mizoram,1.0,0.0,0.0
19-04-2020,Odisha,61.0,24.0,1.0
19-04-2020,Puducherry,7.0,3.0,0.0
19-04-2020,Punjab,219.0,31.0,16.0
19-04-2020,Rajasthan,1351.0,183.0,11.0
19-04-2020,Tamil Nadu,1372.0,365.0,15.0
19-04-2020,Telangana,844.0,186.0,18.0
19-04-2020,Tripura,2.0,1.0,0.0
19-04-2020,Uttarakhand,42.0,9.0,0.0
19-04-2020,Uttar Pradesh,1084.0,108.0,17.0
19-04-2020,West Bengal,310.0,62.0,12.0
19-04-2020,National Total,16116.0,2302.0,519.0
20-04-2020,Andaman and Nicobar Islands,15.0,11.0,0.0
20-04-2020,Andhra Pradesh,722.0,92.0,20.0
20-04-2020,Arunachal Pradesh,1.0,0.0,0.0
20-04-2020,Assam,35.0,17.0,1.0
20-04-2020,Bihar,96.0,42.0,2.0
20-04-2020,Chandigarh,26.0,13.0,0.0
20-04-2020,Chhattisgarh,36.0,25.0,0.0
20-04-2020,Delhi,2003.0,290.0,45.0
20-04-2020,Goa,7.0,7.0,0.0
20-04-2020,Gujarat,1851.0,106.0,67.0
20-04-2020,Haryana,233.0,87.0,3.0
20-04-2020,Himachal Pradesh,39.0,16.0,1.0
20-04-2020,Jammu and Kashmir,350.0,56.0,5.0
20-04-2020,Jharkhand,42.0,0.0,2.0
20-04-2020,Karnataka,395.0,111.0,16.0
20-04-2020,Kerala,402.0,270.0,3.0
20-04-2020,Ladakh,18.0,14.0,0.0
20-04-2020,Madhya Pradesh,1485.0,127.0,74.0
20-04-2020,Maharashtra,4203.0,507.0,223.0
20-04-2020,Manipur,2.0,2.0,0.0
20-04-2020,Meghalaya,11.0,0.0,1.0
20-04-2020,Mizoram,1.0,0.0,0.0
20-04-2020,Odisha,68.0,24.0,1.0
20-04-2020,Puducherry,7.0,3.0,0.0
20-04-2020,Punjab,219.0,31.0,16.0
20-04-2020,Rajasthan,1478.0,183.0,14.0
20-04-2020,Tamil Nadu,1477.0,411.0,15.0
20-04-2020,Telangana,873.0,190.0,21.0
20-04-2020,Tripura,2.0,1.0,0.0
20-04-2020,Uttarakhand,44.0,11.0,0.0
20-04-2020,Uttar Pradesh,1176.0,129.0,17.0
20-04-2020,West Bengal,339.0,66.0,12.0
20-04-2020,National Total,17656.0,2842.0,559.0
21-04-2020,Andaman and Nicobar Islands,16.0,11.0,0.0
21-04-2020,Andhra Pradesh,757.0,96.0,22.0
21-04-2020,Arunachal Pradesh,1.0,1.0,0.0
21-04-2020,Assam,35.0,19.0,1.0
21-04-2020,Bihar,115.0,42.0,2.0
21-04-2020,Chandigarh,26.0,13.0,0.0
21-04-2020,Chhattisgarh,36.0,25.0,0.0
21-04-2020,Delhi,2081.0,431.0,47.0
21-04-2020,Goa,7.0,7.0,0.0
21-04-2020,Gujarat,2066.0,131.0,77.0
21-04-2020,Haryana,254.0,127.0,3.0
21-04-2020,Himachal Pradesh,39.0,16.0,1.0
21-04-2020,Jammu and Kashmir,368.0,71.0,5.0
21-04-2020,Jharkhand,45.0,0.0,2.0
21-04-2020,Karnataka,415.0,114.0,17.0
21-04-2020,Kerala,408.0,291.0,3.0
21-04-2020,Ladakh,18.0,14.0,0.0
21-04-2020,Madhya Pradesh,1540.0,127.0,76.0
21-04-2020,Maharashtra,4669.0,572.0,232.0
21-04-2020,Manipur,2.0,2.0,0.0
21-04-2020,Meghalaya,11.0,0.0,1.0
21-04-2020,Mizoram,1.0,0.0,0.0
21-04-2020,Odisha,74.0,24.0,1.0
21-04-2020,Puducherry,7.0,3.0,0.0
21-04-2020,Punjab,245.0,39.0,16.0
21-04-2020,Rajasthan,1576.0,205.0,25.0
21-04-2020,Tamil Nadu,1520.0,457.0,17.0
21-04-2020,Telangana,919.0,190.0,23.0
21-04-2020,Tripura,2.0,1.0,0.0
21-04-2020,Uttarakhand,46.0,18.0,0.0
21-04-2020,Uttar Pradesh,1294.0,140.0,20.0
21-04-2020,West Bengal,392.0,73.0,12.0
21-04-2020,National Total,18985.0,3260.0,603.0
22-04-2020,Andaman and Nicobar Islands,17.0,11.0,0.0
22-04-2020,Andhra Pradesh,813.0,120.0,24.0
22-04-2020,Arunachal Pradesh,1.0,1.0,0.0
22-04-2020,Assam,35.0,19.0,1.0
22-04-2020,Bihar,126.0,46.0,2.0
22-04-2020,Chandigarh,27.0,14.0,0.0
22-04-2020,Chhattisgarh,36.0,26.0,0.0
22-04-2020,Delhi,2156.0,611.0,47.0
22-04-2020,Goa,7.0,7.0,0.0
22-04-2020,Gujarat,2272.0,144.0,95.0
22-04-2020,Haryana,254.0,127.0,3.0
22-04-2020,Himachal Pradesh,39.0,16.0,1.0
22-04-2020,Jammu and Kashmir,380.0,81.0,5.0
22-04-2020,Jharkhand,45.0,0.0,3.0
22-04-2020,Karnataka,425.0,129.0,17.0
22-04-2020,Kerala,427.0,323.0,3.0
22-04-2020,Ladakh,18.0,14.0,0.0
22-04-2020,Madhya Pradesh,1592.0,148.0,80.0
22-04-2020,Maharashtra,5221.0,722.0,251.0
22-04-2020,Manipur,2.0,2.0,0.0
22-04-2020,Meghalaya,12.0,0.0,1.0
22-04-2020,Mizoram,1.0,0.0,0.0
22-04-2020,Odisha,82.0,30.0,1.0
22-04-2020,Puducherry,7.0,3.0,0.0
22-04-2020,Punjab,251.0,49.0,16.0
22-04-2020,Rajasthan,1801.0,230.0,25.0
22-04-2020,Tamil Nadu,1596.0,635.0,18.0
22-04-2020,Telangana,945.0,194.0,23.0
22-04-2020,Tripura,2.0,1.0,0.0
22-04-2020,Uttarakhand,46.0,19.0,0.0
22-04-2020,Uttar Pradesh,1412.0,165.0,21.0
22-04-2020,West Bengal,423.0,73.0,15.0
22-04-2020,National Total,20471.0,3960.0,652.0
23-04-2020,Andaman and Nicobar Islands,18.0,11.0,0.0
23-04-2020,Andhra Pradesh,895.0,141.0,27.0
23-04-2020,Arunachal Pradesh,1.0,1.0,0.0
23-04-2020,Assam,35.0,19.0,1.0
23-04-2020,Bihar,148.0,46.0,2.0
23-04-2020,Chandigarh,27.0,14.0,0.0
23-04-2020,Chhattisgarh,36.0,28.0,0.0
23-04-2020,Delhi,2248.0,724.0,48.0
23-04-2020,Goa,7.0,7.0,0.0
23-04-2020,Gujarat,2407.0,179.0,103.0
23-04-2020,Haryana,262.0,140.0,3.0
23-04-2020,Himachal Pradesh,40.0,18.0,1.0
23-04-2020,Jammu and Kashmir,407.0,92.0,5.0
23-04-2020,Jharkhand,49.0,8.0,3.0
23-04-2020,Karnataka,443.0,141.0,17.0
23-04-2020,Kerala,438.0,324.0,3.0
23-04-2020,Ladakh,18.0,14.0,0.0
23-04-2020,Madhya Pradesh,1695.0,148.0,81.0
23-04-2020,Maharashtra,5652.0,789.0,269.0
23-04-2020,Manipur,2.0,2.0,0.0
23-04-2020,Meghalaya,12.0,0.0,1.0
23-04-2020,Mizoram,1.0,0.0,0.0
23-04-2020,Odisha,83.0,32.0,1.0
23-04-2020,Puducherry,7.0,3.0,0.0
23-04-2020,Punjab,277.0,65.0,16.0
23-04-2020,Rajasthan,1890.0,230.0,27.0
23-04-2020,Tamil Nadu,1629.0,662.0,18.0
23-04-2020,Telangana,960.0,197.0,24.0
23-04-2020,Tripura,2.0,1.0,0.0
23-04-2020,Uttarakhand,46.0,23.0,0.0
23-04-2020,Uttar Pradesh,1509.0,187.0,21.0
23-04-2020,West Bengal,456.0,79.0,15.0
23-04-2020,National Total,21700.0,4325.0,686.0
24-04-2020,Andaman and Nicobar Islands,22.0,11.0,0.0
24-04-2020,Andhra Pradesh,955.0,145.0,29.0
24-04-2020,Arunachal Pradesh,1.0,1.0,0.0
24-04-2020,Assam,36.0,19.0,1.0
24-04-2020,Bihar,176.0,46.0,2.0
24-04-2020,Chandigarh,27.0,14.0,0.0
24-04-2020,Chhattisgarh,36.0,28.0,0.0
24-04-2020,Delhi,2376.0,808.0,50.0
24-04-2020,Goa,7.0,7.0,0.0
24-04-2020,Gujarat,2624.0,258.0,112.0
24-04-2020,Haryana,272.0,156.0,3.0
24-04-2020,Himachal Pradesh,40.0,18.0,1.0
24-04-2020,Jammu and Kashmir,427.0,92.0,5.0
24-04-2020,Jharkhand,55.0,8.0,3.0
24-04-2020,Karnataka,463.0,150.0,18.0
24-04-2020,Kerala,448.0,324.0,3.0
24-04-2020,Ladakh,18.0,14.0,0.0
24-04-2020,Madhya Pradesh,1852.0,203.0,83.0
24-04-2020,Maharashtra,6430.0,840.0,283.0
24-04-2020,Manipur,2.0,2.0,0.0
24-04-2020,Meghalaya,12.0,0.0,1.0
24-04-2020,Mizoram,1.0,0.0,0.0
24-04-2020,Odisha,90.0,33.0,1.0
24-04-2020,Puducherry,7.0,3.0,0.0
24-04-2020,Punjab,277.0,65.0,16.0
24-04-2020,Rajasthan,1964.0,230.0,27.0
24-04-2020,Tamil Nadu,1683.0,752.0,20.0
24-04-2020,Telangana,984.0,253.0,26.0
24-04-2020,Tripura,2.0,1.0,0.0
24-04-2020,Uttarakhand,47.0,24.0,0.0
24-04-2020,Uttar Pradesh,1604.0,206.0,24.0
24-04-2020,West Bengal,514.0,103.0,15.0
24-04-2020,National Total,23452.0,4814.0,723.0
25-04-2020,Andaman and Nicobar Islands,27.0,11.0,0.0
25-04-2020,Andhra Pradesh,1061.0,171.0,31.0
25-04-2020,Arunachal Pradesh,1.0,1.0,0.0
25-04-2020,Assam,36.0,19.0,1.0
25-04-2020,Bihar,228.0,46.0,2.0
25-04-2020,Chandigarh,28.0,15.0,0.0
25-04-2020,Chhattisgarh,36.0,30.0,0.0
25-04-2020,Delhi,2514.0,857.0,53.0
25-04-2020,Goa,7.0,7.0,0.0
25-04-2020,Gujarat,2815.0,265.0,127.0
25-04-2020,Haryana,272.0,156.0,3.0
25-04-2020,Himachal Pradesh,40.0,18.0,1.0
25-04-2020,Jammu and Kashmir,454.0,109.0,5.0
25-04-2020,Jharkhand,59.0,9.0,3.0
25-04-2020,Karnataka,489.0,153.0,18.0
25-04-2020,Kerala,451.0,331.0,4.0
25-04-2020,Ladakh,20.0,14.0,0.0
25-04-2020,Madhya Pradesh,1952.0,210.0,92.0
25-04-2020,Maharashtra,6817.0,957.0,301.0
25-04-2020,Manipur,2.0,2.0,0.0
25-04-2020,Meghalaya,12.0,0.0,1.0
25-04-2020,Mizoram,1.0,0.0,0.0
25-04-2020,Odisha,94.0,33.0,1.0
25-04-2020,Puducherry,7.0,3.0,0.0
25-04-2020,Punjab,298.0,67.0,17.0
25-04-2020,Rajasthan,2034.0,230.0,27.0
25-04-2020,Tamil Nadu,1755.0,866.0,22.0
25-04-2020,Telangana,984.0,253.0,26.0
25-04-2020,Tripura,2.0,1.0,0.0
25-04-2020,Uttarakhand,48.0,25.0,0.0
25-04-2020,Uttar Pradesh,1778.0,248.0,26.0
25-04-2020,West Bengal,571.0,103.0,18.0
25-04-2020,National Total,24893.0,5210.0,779.0
26-04-2020,Andaman and Nicobar Islands,33.0,11.0,0.0
26-04-2020,Andhra Pradesh,1097.0,231.0,31.0
26-04-2020,Arunachal Pradesh,1.0,1.0,0.0
26-04-2020,Assam,36.0,19.0,1.0
26-04-2020,Bihar,251.0,46.0,2.0
26-04-2020,Chandigarh,30.0,17.0,0.0
26-04-2020,Chhattisgarh,37.0,32.0,0.0
26-04-2020,Delhi,2625.0,869.0,54.0
26-04-2020,Goa,7.0,7.0,0.0
26-04-2020,Gujarat,3071.0,282.0,133.0
26-04-2020,Haryana,289.0,176.0,3.0
26-04-2020,Himachal Pradesh,40.0,22.0,1.0
26-04-2020,Jammu and Kashmir,494.0,112.0,6.0
26-04-2020,Jharkhand,67.0,13.0,3.0
26-04-2020,Karnataka,501.0,177.0,18.0
26-04-2020,Kerala,458.0,338.0,4.0
26-04-2020,Ladakh,20.0,14.0,0.0
26-04-2020,Madhya Pradesh,2096.0,210.0,99.0
26-04-2020,Maharashtra,7628.0,1076.0,323.0
26-04-2020,Manipur,2.0,2.0,0.0
26-04-2020,Meghalaya,12.0,0.0,1.0
26-04-2020,Mizoram,1.0,0.0,0.0
26-04-2020,Odisha,103.0,34.0,1.0
26-04-2020,Puducherry,7.0,3.0,0.0
26-04-2020,Punjab,298.0,67.0,17.0
26-04-2020,Rajasthan,2083.0,493.0,33.0
26-04-2020,Tamil Nadu,1821.0,960.0,23.0
26-04-2020,Telangana,991.0,280.0,26.0
26-04-2020,Tripura,2.0,2.0,0.0
26-04-2020,Uttarakhand,50.0,26.0,0.0
26-04-2020,Uttar Pradesh,1843.0,289.0,29.0
26-04-2020,West Bengal,611.0,105.0,18.0
26-04-2020,National Total,26605.0,5914.0,826.0
27-04-2020,Andaman and Nicobar Islands,33.0,11.0,0.0
27-04-2020,Andhra Pradesh,1177.0,235.0,31.0
27-04-2020,Arunachal Pradesh,1.0,1.0,0.0
27-04-2020,Assam,36.0,27.0,1.0
27-04-2020,Bihar,277.0,56.0,2.0
27-04-2020,Chandigarh,30.0,17.0,0.0
27-04-2020,Chhattisgarh,37.0,32.0,0.0
27-04-2020,Delhi,2918.0,877.0,54.0
27-04-2020,Goa,7.0,7.0,0.0
27-04-2020,Gujarat,3301.0,313.0,151.0
27-04-2020,Haryana,289.0,176.0,3.0
27-04-2020,Himachal Pradesh,40.0,22.0,1.0
27-04-2020,Jammu and Kashmir,523.0,137.0,6.0
27-04-2020,Jharkhand,82.0,13.0,3.0
27-04-2020,Karnataka,511.0,188.0,20.0
27-04-2020,Kerala,469.0,342.0,4.0
27-04-2020,Ladakh,20.0,14.0,0.0
27-04-2020,Madhya Pradesh,2168.0,302.0,106.0
27-04-2020,Maharashtra,8068.0,1188.0,342.0
27-04-2020,Manipur,2.0,2.0,0.0
27-04-2020,Meghalaya,12.0,0.0,1.0
27-04-2020,Mizoram,1.0,0.0,0.0
27-04-2020,Odisha,108.0,35.0,1.0
27-04-2020,Puducherry,8.0,3.0,0.0
27-04-2020,Punjab,313.0,71.0,18.0
27-04-2020,Rajasthan,2185.0,518.0,41.0
27-04-2020,Tamil Nadu,1885.0,1020.0,24.0
27-04-2020,Telangana,1002.0,280.0,26.0
27-04-2020,Tripura,2.0,2.0,0.0
27-04-2020,Uttarakhand,51.0,33.0,0.0
27-04-2020,Uttar Pradesh,1955.0,335.0,31.0
27-04-2020,West Bengal,649.0,105.0,20.0
27-04-2020,National Total,28160.0,6362.0,886.0
28-04-2020,Andaman and Nicobar Islands,33.0,11.0,0.0
28-04-2020,Andhra Pradesh,1259.0,258.0,31.0
28-04-2020,Arunachal Pradesh,1.0,1.0,0.0
28-04-2020,Assam,38.0,27.0,1.0
28-04-2020,Bihar,346.0,57.0,2.0
28-04-2020,Chandigarh,40.0,17.0,0.0
28-04-2020,Chhattisgarh,37.0,32.0,0.0
28-04-2020,Delhi,3108.0,877.0,54.0
28-04-2020,Goa,7.0,7.0,0.0
28-04-2020,Gujarat,3548.0,394.0,162.0
28-04-2020,Haryana,296.0,183.0,3.0
28-04-2020,Himachal Pradesh,40.0,22.0,1.0
28-04-2020,Jammu and Kashmir,546.0,164.0,7.0
28-04-2020,Jharkhand,103.0,17.0,3.0
28-04-2020,Karnataka,520.0,198.0,20.0
28-04-2020,Kerala,482.0,355.0,4.0
28-04-2020,Ladakh,22.0,16.0,0.0
28-04-2020,Madhya Pradesh,2368.0,361.0,113.0
28-04-2020,Maharashtra,8590.0,1282.0,369.0
28-04-2020,Manipur,2.0,2.0,0.0
28-04-2020,Meghalaya,12.0,0.0,1.0
28-04-2020,Mizoram,1.0,0.0,0.0
28-04-2020,Odisha,118.0,37.0,1.0
28-04-2020,Puducherry,8.0,3.0,0.0
28-04-2020,Punjab,313.0,71.0,18.0
28-04-2020,Rajasthan,2262.0,669.0,46.0
28-04-2020,Tamil Nadu,1937.0,1101.0,24.0
28-04-2020,Telangana,1004.0,321.0,26.0
28-04-2020,Tripura,2.0,2.0,0.0
28-04-2020,Uttarakhand,51.0,33.0,0.0
28-04-2020,Uttar Pradesh,2043.0,400.0,31.0
28-04-2020,West Bengal,697.0,109.0,20.0
28-04-2020,National Total,29834.0,7027.0,937.0
29-04-2020,Andaman and Nicobar Islands,33.0,15.0,0.0
29-04-2020,Andhra Pradesh,1332.0,287.0,31.0
29-04-2020,Arunachal Pradesh,1.0,1.0,0.0
29-04-2020,Assam,38.0,27.0,1.0
29-04-2020,Bihar,383.0,64.0,2.0
29-04-2020,Chandigarh,56.0,17.0,0.0
29-04-2020,Chhattisgarh,38.0,34.0,0.0
29-04-2020,Delhi,3314.0,1078.0,54.0
29-04-2020,Goa,7.0,7.0,0.0
29-04-2020,Gujarat,3774.0,434.0,181.0
29-04-2020,Haryana,310.0,209.0,3.0
29-04-2020,Himachal Pradesh,40.0,25.0,1.0
29-04-2020,Jammu and Kashmir,565.0,176.0,8.0
29-04-2020,Jharkhand,105.0,19.0,3.0
29-04-2020,Karnataka,532.0,215.0,20.0
29-04-2020,Kerala,486.0,359.0,4.0
29-04-2020,Ladakh,22.0,16.0,0.0
29-04-2020,Madhya Pradesh,2561.0,377.0,119.0
29-04-2020,Maharashtra,9318.0,1388.0,400.0
29-04-2020,Manipur,2.0,2.0,0.0
29-04-2020,Meghalaya,12.0,0.0,1.0
29-04-2020,Mizoram,1.0,0.0,0.0
29-04-2020,Odisha,119.0,38.0,1.0
29-04-2020,Puducherry,8.0,3.0,0.0
29-04-2020,Punjab,322.0,71.0,19.0
29-04-2020,Rajasthan,2364.0,768.0,51.0
29-04-2020,Tamil Nadu,2058.0,1168.0,25.0
29-04-2020,Telangana,1012.0,367.0,26.0
29-04-2020,Tripura,2.0,2.0,0.0
29-04-2020,Uttarakhand,54.0,34.0,0.0
29-04-2020,Uttar Pradesh,2115.0,477.0,36.0
29-04-2020,West Bengal,725.0,119.0,22.0
29-04-2020,National Total,31709.0,7797.0,1008.0
30-04-2020,Andaman and Nicobar Islands,33.0,15.0,0.0
30-04-2020,Andhra Pradesh,1403.0,321.0,31.0
30-04-2020,Arunachal Pradesh,1.0,1.0,0.0
30-04-2020,Assam,42.0,29.0,1.0
30-04-2020,Bihar,403.0,65.0,2.0
30-04-2020,Chandigarh,56.0,17.0,0.0
30-04-2020,Chhattisgarh,38.0,36.0,0.0
30-04-2020,Delhi,3439.0,1092.0,56.0
30-04-2020,Goa,7.0,7.0,0.0
30-04-2020,Gujarat,4082.0,527.0,197.0
30-04-2020,Haryana,310.0,209.0,3.0
30-04-2020,Himachal Pradesh,40.0,25.0,1.0
30-04-2020,Jammu and Kashmir,581.0,192.0,8.0
30-04-2020,Jharkhand,107.0,19.0,3.0
30-04-2020,Karnataka,557.0,223.0,21.0
30-04-2020,Kerala,496.0,369.0,4.0
30-04-2020,Ladakh,22.0,16.0,0.0
30-04-2020,Madhya Pradesh,2660.0,461.0,130.0
30-04-2020,Maharashtra,9915.0,1593.0,432.0
30-04-2020,Manipur,2.0,2.0,0.0
30-04-2020,Meghalaya,12.0,0.0,1.0
30-04-2020,Mizoram,1.0,0.0,0.0
30-04-2020,Odisha,128.0,39.0,1.0
30-04-2020,Puducherry,8.0,5.0,0.0
30-04-2020,Punjab,357.0,90.0,19.0
30-04-2020,Rajasthan,2438.0,768.0,51.0
30-04-2020,Tamil Nadu,2162.0,1210.0,27.0
30-04-2020,Telangana,1012.0,367.0,26.0
30-04-2020,Tripura,2.0,2.0,0.0
30-04-2020,Uttarakhand,55.0,36.0,0.0
30-04-2020,Uttar Pradesh,2203.0,513.0,39.0
30-04-2020,West Bengal,758.0,124.0,22.0
30-04-2020,National Total,33330.0,8373.0,1075.0
01-05-2020,Andaman and Nicobar Islands,33.0,16.0,0.0
01-05-2020,Andhra Pradesh,1463.0,403.0,33.0
01-05-2020,Arunachal Pradesh,1.0,1.0,0.0
01-05-2020,Assam,42.0,29.0,1.0
01-05-2020,Bihar,426.0,82.0,2.0
01-05-2020,Chandigarh,56.0,17.0,0.0
01-05-2020,Chhattisgarh,40.0,36.0,0.0
01-05-2020,Delhi,3515.0,1094.0,59.0
01-05-2020,Goa,7.0,7.0,0.0
01-05-2020,Gujarat,4395.0,613.0,214.0
01-05-2020,Haryana,313.0,209.0,3.0
01-05-2020,Himachal Pradesh,40.0,28.0,1.0
01-05-2020,Jammu and Kashmir,614.0,216.0,8.0
01-05-2020,Jharkhand,111.0,20.0,3.0
01-05-2020,Karnataka,576.0,235.0,22.0
01-05-2020,Kerala,497.0,383.0,4.0
01-05-2020,Ladakh,22.0,16.0,0.0
01-05-2020,Madhya Pradesh,2719.0,482.0,137.0
01-05-2020,Maharashtra,10498.0,1773.0,459.0
01-05-2020,Manipur,2.0,2.0,0.0
01-05-2020,Meghalaya,12.0,0.0,1.0
01-05-2020,Mizoram,1.0,0.0,0.0
01-05-2020,Odisha,143.0,41.0,1.0
01-05-2020,Puducherry,8.0,5.0,0.0
01-05-2020,Punjab,357.0,90.0,19.0
01-05-2020,Rajasthan,2584.0,836.0,58.0
01-05-2020,Tamil Nadu,2323.0,1258.0,27.0
01-05-2020,Telangana,1039.0,441.0,26.0
01-05-2020,Tripura,2.0,2.0,0.0
01-05-2020,Uttarakhand,57.0,36.0,0.0
01-05-2020,Uttar Pradesh,2281.0,555.0,41.0
01-05-2020,West Bengal,795.0,139.0,33.0
01-05-2020,National Total,34972.0,9065.0,1152.0
02-05-2020,Andaman and Nicobar Islands,33.0,16.0,0.0
02-05-2020,Andhra Pradesh,1525.0,441.0,33.0
02-05-2020,Arunachal Pradesh,1.0,1.0,0.0
02-05-2020,Assam,43.0,32.0,1.0
02-05-2020,Bihar,471.0,98.0,3.0
02-05-2020,Chandigarh,88.0,17.0,0.0
02-05-2020,Chhattisgarh,43.0,36.0,0.0
02-05-2020,Delhi,3738.0,1167.0,61.0
02-05-2020,Goa,7.0,7.0,0.0
02-05-2020,Gujarat,4721.0,735.0,236.0
02-05-2020,Haryana,360.0,227.0,4.0
02-05-2020,Himachal Pradesh,40.0,30.0,1.0
02-05-2020,Jammu and Kashmir,639.0,247.0,8.0
02-05-2020,Jharkhand,111.0,20.0,3.0
02-05-2020,Karnataka,598.0,255.0,25.0
02-05-2020,Kerala,498.0,392.0,4.0
02-05-2020,Ladakh,22.0,17.0,0.0
02-05-2020,Madhya Pradesh,2719.0,524.0,145.0
02-05-2020,Maharashtra,11506.0,1879.0,485.0
02-05-2020,Manipur,2.0,2.0,0.0
02-05-2020,Meghalaya,12.0,0.0,1.0
02-05-2020,Mizoram,1.0,0.0,0.0
02-05-2020,Odisha,154.0,55.0,1.0
02-05-2020,Puducherry,8.0,5.0,0.0
02-05-2020,Punjab,772.0,112.0,20.0
02-05-2020,Rajasthan,2666.0,1116.0,62.0
02-05-2020,Tamil Nadu,2526.0,1312.0,28.0
02-05-2020,Telangana,1057.0,441.0,26.0
02-05-2020,Tripura,2.0,2.0,0.0
02-05-2020,Uttarakhand,58.0,37.0,0.0
02-05-2020,Uttar Pradesh,2455.0,656.0,43.0
02-05-2020,West Bengal,795.0,139.0,33.0
02-05-2020,National Total,37671.0,10018.0,1223.0
03-05-2020,Andaman and Nicobar Islands,33.0,17.0,0.0
03-05-2020,Andhra Pradesh,1583.0,488.0,33.0
03-05-2020,Arunachal Pradesh,1.0,1.0,0.0
03-05-2020,Assam,43.0,32.0,1.0
03-05-2020,Bihar,482.0,117.0,4.0
03-05-2020,Chandigarh,94.0,19.0,0.0
03-05-2020,Chhattisgarh,43.0,36.0,0.0
03-05-2020,Delhi,4122.0,1256.0,64.0
03-05-2020,Goa,7.0,7.0,0.0
03-05-2020,Gujarat,5055.0,896.0,262.0
03-05-2020,Haryana,394.0,227.0,4.0
03-05-2020,Himachal Pradesh,40.0,33.0,1.0
03-05-2020,Jammu and Kashmir,666.0,254.0,8.0
03-05-2020,Jharkhand,115.0,22.0,3.0
03-05-2020,Karnataka,606.0,282.0,25.0
03-05-2020,Kerala,500.0,400.0,4.0
03-05-2020,Ladakh,40.0,17.0,0.0
03-05-2020,Madhya Pradesh,2846.0,798.0,156.0
03-05-2020,Maharashtra,12296.0,2000.0,521.0
03-05-2020,Manipur,2.0,2.0,0.0
03-05-2020,Meghalaya,12.0,0.0,1.0
03-05-2020,Mizoram,1.0,0.0,0.0
03-05-2020,Odisha,160.0,56.0,1.0
03-05-2020,Puducherry,8.0,5.0,0.0
03-05-2020,Punjab,772.0,112.0,20.0
03-05-2020,Rajasthan,2772.0,1121.0,65.0
03-05-2020,Tamil Nadu,2757.0,1341.0,29.0
03-05-2020,Telangana,1063.0,458.0,28.0
03-05-2020,Tripura,4.0,2.0,0.0
03-05-2020,Uttarakhand,59.0,39.0,0.0
03-05-2020,Uttar Pradesh,2626.0,698.0,43.0
03-05-2020,West Bengal,922.0,151.0,33.0
03-05-2020,National Total,40124.0,10887.0,1306.0
04-05-2020,Andaman and Nicobar Islands,33.0,32.0,0.0
04-05-2020,Andhra Pradesh,1650.0,524.0,36.0
04-05-2020,Arunachal Pradesh,1.0,1.0,0.0
04-05-2020,Assam,43.0,32.0,1.0
04-05-2020,Bihar,517.0,125.0,4.0
04-05-2020,Chandigarh,94.0,19.0,0.0
04-05-2020,Chhattisgarh,57.0,36.0,0.0
04-05-2020,Delhi,4549.0,1362.0,64.0
04-05-2020,Goa,7.0,7.0,0.0
04-05-2020,Gujarat,5428.0,1042.0,290.0
04-05-2020,Haryana,442.0,245.0,5.0
04-05-2020,Himachal Pradesh,40.0,34.0,1.0
04-05-2020,Jammu and Kashmir,701.0,287.0,8.0
04-05-2020,Jharkhand,115.0,22.0,3.0
04-05-2020,Karnataka,642.0,304.0,26.0
04-05-2020,Kerala,500.0,401.0,4.0
04-05-2020,Ladakh,41.0,17.0,0.0
04-05-2020,Madhya Pradesh,2942.0,798.0,165.0
04-05-2020,Maharashtra,12974.0,2115.0,548.0
04-05-2020,Manipur,2.0,2.0,0.0
04-05-2020,Meghalaya,12.0,0.0,1.0
04-05-2020,Mizoram,1.0,0.0,0.0
04-05-2020,Odisha,163.0,60.0,1.0
04-05-2020,Puducherry,8.0,5.0,0.0
04-05-2020,Punjab,1102.0,117.0,21.0
04-05-2020,Rajasthan,2886.0,1356.0,71.0
04-05-2020,Tamil Nadu,3023.0,1379.0,30.0
04-05-2020,Telangana,1082.0,490.0,29.0
04-05-2020,Tripura,16.0,2.0,0.0
04-05-2020,Uttarakhand,60.0,39.0,1.0
04-05-2020,Uttar Pradesh,2742.0,758.0,45.0
04-05-2020,West Bengal,963.0,151.0,35.0
04-05-2020,National Total,42836.0,11762.0,1389.0
